Year,Country_Match,WB_Country,WB_Voice_and_Accountability,WB_Political_Stability_No_Violence,WB_Govt_Effectiveness,WB_Regulatory_Quality,WB_Rule_of_Law,WB_Control_of_Corruption
2016,Afghanistan,Afghanistan,-1.04,-2.67,-1.23,-1.33,-1.5,-1.53
2016,Albania,Albania,0.17,0.34,0.01,0.19,-0.33,-0.41
2016,Algeria,Algeria,-0.86,-1.1,-0.53,-1.17,-0.86,-0.68
2016,American Samoa,American Samoa,,1.19,0.53,0.14,1.34,1.23
2016,Andorra,Andorra,1.18,1.41,1.86,0.87,1.58,1.23
2016,Angola,Angola,-1.14,-0.32,-1.04,-1,-1.09,-1.44
2016,Anguilla,Anguilla,,1.32,1.33,0.87,-0.08,1.23
2016,Antigua and Barbuda,Antigua and Barbuda,0.63,0.88,0.27,0.34,0.51,0.69
2016,Argentina,Argentina,0.49,0.2,0.16,-0.47,-0.39,-0.28
2016,Armenia,Armenia,-0.58,-0.66,-0.16,0.25,-0.12,-0.57
2016,Aruba,Aruba,1.28,1.28,0.89,1.35,1.26,1.29
2016,Australia,Australia,1.35,1.05,1.57,1.9,1.76,1.82
2016,Austria,Austria,1.34,0.91,1.51,1.44,1.81,1.55
2016,Azerbaijan,Azerbaijan,-1.56,-0.8,-0.17,-0.28,-0.52,-0.84
2016,Bahamas,"Bahamas, The",0.85,0.98,0.72,0.26,0.26,1.11
2016,Bahrain,Bahrain,-1.37,-0.79,0.33,0.61,0.46,-0.02
2016,Bangladesh,Bangladesh,-0.59,-1.26,-0.68,-0.8,-0.66,-0.86
2016,Barbados,Barbados,1.09,0.98,1.08,0.48,0.8,1.26
2016,Belarus,Belarus,-1.34,0.14,-0.48,-0.94,-0.72,-0.26
2016,Belgium,Belgium,1.38,0.44,1.33,1.34,1.39,1.64
2016,Belize,Belize,0.57,0.06,-0.68,-0.51,-0.86,-0.24
2016,Benin,Benin,0.41,0,-0.56,-0.53,-0.61,-0.51
2016,Bermuda,Bermuda,,1,1.33,0.87,0.87,1.23
2016,Bhutan,Bhutan,-0.03,1.12,0.5,-0.67,0.49,1.13
2016,Bolivia,Bolivia,-0.04,-0.25,-0.57,-0.92,-1.2,-0.72
2016,Bosnia and Herzegovina,Bosnia and Herzegovina,-0.13,-0.4,-0.39,-0.17,-0.22,-0.46
2016,Botswana,Botswana,0.39,0.99,0.53,0.53,0.53,0.93
2016,Brazil,Brazil,0.45,-0.38,-0.17,-0.21,-0.16,-0.38
2016,Brunei,Brunei Darussalam,-0.9,1.15,1.08,0.59,0.56,0.57
2016,Bulgaria,Bulgaria,0.4,0.08,0.3,0.66,-0.06,-0.17
2016,Burkina Faso,Burkina Faso,0.01,-0.87,-0.56,-0.4,-0.44,-0.15
2016,Burundi,Burundi,-1.55,-1.97,-1.44,-0.83,-1.46,-1.25
2016,Cambodia,Cambodia,-1.11,0.21,-0.69,-0.47,-1.06,-1.27
2016,Cameroon,Cameroon,-1.03,-1.06,-0.76,-0.79,-1.04,-1.15
2016,Canada,Canada,1.45,1.26,1.78,1.74,1.84,1.99
2016,Cape Verde,Cabo Verde,0.98,0.89,0.13,-0.3,0.35,0.87
2016,Cayman Islands,Cayman Islands,0.47,1.17,1.18,0.79,0.8,0.53
2016,Central African Republic,Central African Republic,-1.09,-1.79,-1.77,-1.43,-1.82,-1.28
2016,Chad,Chad,-1.36,-1.3,-1.51,-1.18,-1.38,-1.49
2016,Chile,Chile,1,0.41,1.01,1.37,1.13,1.14
2016,China,China,-1.56,-0.5,0.35,-0.26,-0.33,-0.25
2016,Colombia,Colombia,0.12,-0.88,0.02,0.4,-0.28,-0.32
2016,Comoros,Comoros,-0.25,0.04,-1.55,-1.05,-1,-0.67
2016,DR Congo,"Congo, Dem. Rep.",-1.39,-2.23,-1.51,-1.32,-1.62,-1.34
2016,Congo,"Congo, Rep.",-1.16,-0.52,-1.1,-1.17,-1.1,-1.19
2016,Cook Islands,Cook Islands,,,,,,
2016,Costa Rica,Costa Rica,1.12,0.66,0.36,0.41,0.47,0.74
2016,Cote d'Ivoire,Cote d'Ivoire,-0.3,-0.91,-0.67,-0.36,-0.64,-0.53
2016,Croatia,Croatia,0.52,0.66,0.49,0.36,0.41,0.2
2016,Cuba,Cuba,-1.56,0.69,-0.1,-1.34,-0.44,0.17
2016,Cyprus,Cyprus,1.05,0.6,0.96,1.05,0.72,0.83
2016,Czech Republic,Czech Republic,1.02,0.98,1.04,0.99,1.04,0.54
2016,Denmark,Denmark,1.54,0.87,1.88,1.58,1.91,2.23
2016,Djibouti,Djibouti,-1.37,-0.63,-0.97,-0.7,-0.98,-0.65
2016,Dominica,Dominica,0.9,1,0.05,0.2,0.61,0.62
2016,Dominican Republic,Dominican Republic,0.18,0.25,-0.26,-0.07,-0.4,-0.76
2016,Ecuador,Ecuador,-0.25,-0.09,-0.43,-1.02,-0.76,-0.68
2016,Egypt,"Egypt, Arab Rep.",-1.21,-1.44,-0.66,-0.92,-0.52,-0.64
2016,El Salvador,El Salvador,0.19,-0.1,-0.29,0.09,-0.71,-0.52
2016,Equatorial Guinea,Equatorial Guinea,-1.95,-0.14,-1.41,-1.38,-1.52,-1.81
2016,Eritrea,Eritrea,-2.17,-0.66,-1.7,-2.19,-1.63,-1.31
2016,Estonia,Estonia,1.21,0.67,1.09,1.7,1.23,1.27
2016,Ethiopia,Ethiopia,-1.4,-1.62,-0.64,-1.1,-0.49,-0.42
2016,Fiji,Fiji,0.03,0.92,-0.25,-0.38,-0.27,0.13
2016,Finland,Finland,1.53,1,1.83,1.82,2.02,2.24
2016,France,France,1.14,-0.1,1.41,1.07,1.41,1.4
2016,French Guiana,French Guiana,1.28,0.55,1.13,1.43,1.31,0.98
2016,Gabon,Gabon,-0.97,-0.1,-0.79,-0.8,-0.6,-0.75
2016,Gambia,"Gambia, The",-1.26,-0.43,-0.84,-0.51,-0.77,-0.81
2016,Georgia,Georgia,0.29,-0.31,0.52,1.01,0.38,0.69
2016,Germany,Germany,1.36,0.68,1.73,1.82,1.62,1.84
2016,Ghana,Ghana,0.58,-0.13,-0.17,-0.23,0.05,-0.15
2016,Greece,Greece,0.67,-0.12,0.23,0.15,0.11,-0.09
2016,Greenland,Greenland,1.28,1.97,0.84,1.33,1.72,1.17
2016,Grenada,Grenada,0.82,1.02,-0.18,0.08,0.57,0.56
2016,Guam,Guam,,0.68,0.27,0.14,1.1,1.23
2016,Guatemala,Guatemala,-0.29,-0.54,-0.61,-0.2,-1.02,-0.74
2016,Guinea,Guinea,-0.76,-0.39,-1.01,-0.87,-1.22,-0.92
2016,Guinea-Bissau,Guinea-Bissau,-0.73,-0.44,-1.64,-1.24,-1.49,-1.55
2016,Guyana,Guyana,0.25,-0.03,-0.3,-0.42,-0.31,-0.32
2016,Haiti,Haiti,-0.76,-0.74,-2.08,-1.24,-1,-1.33
2016,Honduras,Honduras,-0.44,-0.43,-0.73,-0.51,-1.12,-0.66
2016,Hong Kong,"Hong Kong SAR, China",0.38,0.75,1.84,2.15,1.72,1.56
2016,Hungary,Hungary,0.4,0.65,0.46,0.6,0.42,0.1
2016,Iceland,Iceland,1.36,1.36,1.39,1.28,1.52,1.95
2016,India,India,0.44,-0.95,0.08,-0.31,-0.03,-0.28
2016,Indonesia,Indonesia,0.17,-0.37,0.01,-0.12,-0.34,-0.4
2016,Iran,"Iran, Islamic Rep.",-1.34,-0.81,-0.19,-1.23,-0.68,-0.71
2016,Iraq,Iraq,-1.02,-2.31,-1.27,-1.13,-1.63,-1.39
2016,Ireland,Ireland,1.29,0.85,1.33,1.74,1.52,1.58
2016,Israel,Israel,0.79,-0.79,1.35,1.31,1.07,1.19
2016,Italy,Italy,1.03,0.37,0.53,0.71,0.33,0.08
2016,Jamaica,Jamaica,0.68,0.31,0.41,0.16,-0.2,-0.16
2016,Japan,Japan,0.99,0.98,1.82,1.43,1.42,1.52
2016,"Jersey, Channel Islands","Jersey, Channel Islands",1.28,1.32,1.27,0.7,1.72,1.14
2016,Jordan,Jordan,-0.71,-0.49,0.13,0.05,0.3,0.27
2016,Kazakhstan,Kazakhstan,-1.21,0.01,-0.07,-0.1,-0.44,-0.82
2016,Kenya,Kenya,-0.12,-1.35,-0.32,-0.3,-0.44,-0.89
2016,Kiribati,Kiribati,1,0.87,-0.43,-0.84,0.24,0.25
2016,North Korea,"Korea, Dem. Rep.",-2.18,-0.68,-1.63,-2.33,-1.67,-1.44
2016,South Korea,"Korea, Rep.",0.64,0.16,1.06,1.11,1.16,0.46
2016,Kosovo,Kosovo,-0.15,-0.28,-0.42,-0.19,-0.35,-0.41
2016,Kuwait,Kuwait,-0.63,-0.05,-0.16,-0.07,0.03,-0.27
2016,Kyrgyzstan,Kyrgyz Republic,-0.42,-0.65,-0.9,-0.35,-1.02,-1.08
2016,Laos,Lao PDR,-1.76,0.53,-0.4,-0.72,-0.8,-0.95
2016,Latvia,Latvia,0.84,0.48,1.01,1.08,0.96,0.43
2016,Lebanon,Lebanon,-0.52,-1.62,-0.54,-0.34,-0.83,-0.97
2016,Lesotho,Lesotho,0.03,-0.24,-0.8,-0.39,-0.17,-0.02
2016,Liberia,Liberia,-0.11,-0.44,-1.28,-0.95,-0.95,-0.72
2016,Libya,Libya,-1.43,-2.28,-1.89,-2.27,-1.82,-1.63
2016,Liechtenstein,Liechtenstein,1.25,1.48,1.71,1.37,1.69,2.04
2016,Lithuania,Lithuania,1,0.83,1.07,1.14,1.03,0.71
2016,Luxembourg,Luxembourg,1.5,1.42,1.69,1.72,1.76,2.1
2016,Macao,"Macao SAR, China",-0.06,1.42,1.18,1.78,0.86,0.85
2016,Macedonia,"Macedonia, FYR",-0.24,-0.35,0.1,0.44,-0.28,-0.29
2016,Madagascar,Madagascar,-0.31,-0.29,-1.17,-0.69,-0.81,-0.91
2016,Malawi,Malawi,-0.03,-0.11,-0.73,-0.84,-0.38,-0.76
2016,Malaysia,Malaysia,-0.42,0.14,0.87,0.71,0.5,0.1
2016,Maldives,Maldives,-0.73,0.42,-0.32,-0.46,-0.41,-0.67
2016,Mali,Mali,-0.18,-1.62,-0.99,-0.59,-0.78,-0.65
2016,Malta,Malta,1.2,1.08,0.96,1.16,1,0.72
2016,Marshall Islands,Marshall Islands,1.19,0.21,-1.57,-0.98,-0.1,-0.05
2016,Martinique,Martinique,,1,0.8,1.24,0.87,1.23
2016,Mauritania,Mauritania,-0.78,-0.75,-0.77,-0.74,-0.73,-0.74
2016,Mauritius,Mauritius,0.82,1.01,0.96,1.03,0.75,0.2
2016,Mexico,Mexico,-0.07,-0.63,0.13,0.29,-0.56,-0.72
2016,"Micronesia, Fed. Sts.","Micronesia, Fed. Sts.",1.15,1.06,-0.33,-0.97,-0.05,0.65
2016,Moldova,Moldova,-0.02,-0.3,-0.63,-0.11,-0.49,-0.95
2016,Monaco,Monaco,0.84,1.01,,,,
2016,Mongolia,Mongolia,0.33,0.8,-0.1,-0.08,-0.22,-0.49
2016,Montenegro,Montenegro,0.08,0.28,0.13,0.22,-0.01,-0.1
2016,Morocco,Morocco,-0.63,-0.31,-0.11,-0.23,-0.16,-0.13
2016,Mozambique,Mozambique,-0.42,-1.09,-0.86,-0.7,-1.05,-0.88
2016,Myanmar,Myanmar,-0.8,-0.8,-0.98,-0.87,-0.89,-0.62
2016,Namibia,Namibia,0.58,0.71,0.17,-0.14,0.36,0.33
2016,Nauru,Nauru,0.51,0.58,-0.69,-0.38,-0.78,-0.43
2016,Nepal,Nepal,-0.25,-0.85,-0.83,-0.76,-0.8,-0.8
2016,Netherlands,Netherlands,1.54,0.91,1.83,1.98,1.89,1.91
2016,Netherlands Antilles (former),Netherlands Antilles (former),,,,,,
2016,New Zealand,New Zealand,1.53,1.52,1.84,2.04,1.95,2.28
2016,Nicaragua,Nicaragua,-0.68,-0.09,-0.69,-0.51,-0.64,-0.87
2016,Niger,Niger,-0.42,-1.1,-0.63,-0.67,-0.66,-0.64
2016,Nigeria,Nigeria,-0.32,-1.88,-1.09,-0.92,-1.02,-1.03
2016,Niue,Niue,,,,,,
2016,Norway,Norway,1.66,1.2,1.87,1.7,2.04,2.2
2016,Oman,Oman,-1.05,0.76,0.19,0.61,0.41,0.34
2016,Pakistan,Pakistan,-0.7,-2.48,-0.65,-0.64,-0.8,-0.88
2016,Palau,Palau,1.21,0.95,-0.4,-0.18,0.32,-0.43
2016,Panama,Panama,0.52,0.41,0.19,0.36,0.05,-0.49
2016,Papua New Guinea,Papua New Guinea,0.16,-0.5,-0.74,-0.56,-0.78,-0.93
2016,Paraguay,Paraguay,-0.06,0.14,-0.79,-0.3,-0.73,-0.71
2016,Peru,Peru,0.27,-0.2,-0.18,0.51,-0.48,-0.37
2016,Philippines,Philippines,0.16,-1.38,-0.01,0,-0.35,-0.49
2016,Poland,Poland,0.84,0.51,0.71,0.95,0.64,0.74
2016,Portugal,Portugal,1.16,0.97,1.21,0.84,1.1,0.93
2016,Puerto Rico,Puerto Rico,0.41,0.69,0.4,0.95,0.66,0.04
2016,Qatar,Qatar,-1.15,0.9,0.74,0.7,0.79,0.9
2016,Reunion,Reunion,,0.32,1.06,1.24,1.1,0.64
2016,Romania,Romania,0.54,0.28,-0.17,0.59,0.36,-0.02
2016,Russia,Russian Federation,-1.13,-0.95,-0.2,-0.42,-0.79,-0.82
2016,Rwanda,Rwanda,-1.16,-0.05,0.1,0.11,0.1,0.64
2016,Samoa,Samoa,0.77,1.2,0.54,-0.1,0.76,0.28
2016,San Marino,San Marino,1.19,0.95,,,,
2016,Sao Tome and Principe,Sao Tome and Principe,0.37,0.22,-0.67,-0.81,-0.66,-0.07
2016,Saudi Arabia,Saudi Arabia,-1.73,-0.46,0.26,0.08,0.34,0.23
2016,Senegal,Senegal,0.37,-0.22,-0.45,-0.14,-0.11,0
2016,Serbia,Serbia,0.2,0.14,0.08,0.06,-0.16,-0.32
2016,Seychelles,Seychelles,0.16,0.73,0.37,-0.26,0.15,0.78
2016,Sierra Leone,Sierra Leone,-0.2,-0.16,-1.17,-0.93,-0.78,-0.82
2016,Singapore,Singapore,-0.15,1.5,2.21,2.18,1.83,2.09
2016,Slovakia,Slovak Republic,0.96,0.72,0.89,0.89,0.65,0.23
2016,Slovenia,Slovenia,1.01,0.99,1.13,0.64,1.08,0.82
2016,Solomon Islands,Solomon Islands,0.47,0.51,-0.98,-0.96,-0.32,-0.34
2016,Somalia,Somalia,-1.91,-2.36,-2.19,-2.27,-2.35,-1.7
2016,South Africa,South Africa,0.65,-0.14,0.31,0.21,0.12,0.12
2016,South Sudan,South Sudan,-1.79,-2.42,-2.35,-1.86,-1.93,-1.71
2016,Spain,Spain,1.04,0.41,1.12,1.01,0.98,0.52
2016,Sri Lanka,Sri Lanka,-0.08,0,-0.03,-0.1,0.11,-0.31
2016,St. Kitts and Nevis,St. Kitts and Nevis,1.01,0.63,0.14,0.37,0.51,0.51
2016,St. Lucia,St. Lucia,1.01,1.02,0.03,0.29,0.52,0.63
2016,St. Vincent and the Grenadines,St. Vincent and the Grenadines,0.96,1.02,0.22,0.28,0.4,0.68
2016,Sudan,Sudan,-1.84,-2.34,-1.52,-1.49,-1.26,-1.53
2016,Suriname,Suriname,0.42,0.16,-0.34,-0.63,-0.15,-0.3
2016,Swaziland,Swaziland,-1.42,-0.49,-0.58,-0.58,-0.37,-0.45
2016,Sweden,Sweden,1.56,1.02,1.77,1.85,2.02,2.19
2016,Switzerland,Switzerland,1.53,1.31,2.01,1.91,1.95,1.99
2016,Syria,Syrian Arab Republic,-1.99,-2.92,-1.82,-1.67,-1.99,-1.57
2016,Taiwan,"Taiwan, China",1.01,0.93,1.36,1.29,1.14,0.88
2016,Tajikistan,Tajikistan,-1.69,-0.78,-1.03,-1.09,-1.15,-1.15
2016,Tanzania,Tanzania,-0.22,-0.44,-0.55,-0.44,-0.38,-0.51
2016,Thailand,Thailand,-1.03,-0.99,0.34,0.17,0,-0.39
2016,Timor-Leste,Timor-Leste,0.22,-0.01,-1.01,-0.98,-1.16,-0.51
2016,Togo,Togo,-0.55,-0.17,-1.07,-0.79,-0.63,-0.68
2016,Tonga,Tonga,0.64,0.92,-0.28,-0.41,0.26,-0.45
2016,Trinidad and Tobago,Trinidad and Tobago,0.56,0.29,0.23,0.09,-0.15,-0.24
2016,Tunisia,Tunisia,0.3,-1.14,-0.23,-0.47,0,-0.13
2016,Turkey,Turkey,-0.61,-2.01,0.05,0.2,-0.21,-0.19
2016,Turkmenistan,Turkmenistan,-2.17,-0.19,-1.13,-2.09,-1.49,-1.52
2016,Tuvalu,Tuvalu,1.08,1.41,-0.93,-0.59,0.47,0.03
2016,Uganda,Uganda,-0.65,-0.72,-0.57,-0.21,-0.25,-1.06
2016,Ukraine,Ukraine,0,-1.86,-0.57,-0.43,-0.77,-0.81
2016,United Arab Emirates,United Arab Emirates,-1.05,0.56,1.42,0.97,0.85,1.17
2016,United Kingdom,United Kingdom,1.29,0.36,1.6,1.76,1.69,1.9
2016,United States,United States,1.11,0.4,1.48,1.5,1.62,1.37
2016,Uruguay,Uruguay,1.16,1.06,0.57,0.49,0.63,1.27
2016,Uzbekistan,Uzbekistan,-1.89,-0.27,-0.58,-1.62,-1.11,-1.17
2016,Vanuatu,Vanuatu,0.66,0.51,-0.88,-0.29,0.34,-0.1
2016,Venezuela,"Venezuela, RB",-1.14,-1.02,-1.29,-2,-2.24,-1.35
2016,Vietnam,Vietnam,-1.37,0.23,0.02,-0.45,0.08,-0.45
2016,Virgin Islands (U.S.),Virgin Islands (U.S.),,1,1.33,0.87,0.63,0.64
2016,West Bank and Gaza,West Bank and Gaza,-1.09,-1.98,-0.64,0.06,-0.34,-0.15
2016,Yemen,"Yemen, Rep.",-1.69,-2.79,-1.83,-1.48,-1.64,-1.66
2016,Zambia,Zambia,-0.31,0.14,-0.66,-0.48,-0.3,-0.4
2016,Zimbabwe,Zimbabwe,-1.18,-0.62,-1.16,-1.72,-1.37,-1.26
2017,Afghanistan,Afghanistan,-0.99,-2.8,-1.33,-1.34,-1.57,-1.52
2017,Albania,Albania,0.2,0.38,0.08,0.22,-0.4,-0.42
2017,Algeria,Algeria,-0.9,-0.92,-0.59,-1.2,-0.86,-0.6
2017,American Samoa,American Samoa,,1.22,0.56,-0.25,1.36,1.84
2017,Andorra,Andorra,1.16,1.42,1.94,1.21,1.6,1.24
2017,Angola,Angola,-1.1,-0.33,-1.03,-1.04,-1.1,-1.41
2017,Anguilla,Anguilla,,1.39,0.84,0.84,-0.1,1.24
2017,Antigua and Barbuda,Antigua and Barbuda,0.61,0.75,0.01,0.25,0.44,0.24
2017,Argentina,Argentina,0.53,0.17,0.15,-0.29,-0.25,-0.26
2017,Armenia,Armenia,-0.56,-0.62,-0.1,0.28,-0.16,-0.56
2017,Aruba,Aruba,1.29,1.33,0.92,1.19,1.33,1.29
2017,Australia,Australia,1.38,0.89,1.54,1.93,1.68,1.8
2017,Austria,Austria,1.34,1.05,1.46,1.44,1.81,1.53
2017,Azerbaijan,Azerbaijan,-1.57,-0.75,-0.17,-0.25,-0.56,-0.89
2017,Bahamas,"Bahamas, The",0.85,0.99,0.58,0.12,0.19,1.17
2017,Bahrain,Bahrain,-1.39,-0.96,0.19,0.41,0.45,-0.14
2017,Bangladesh,Bangladesh,-0.62,-1.26,-0.73,-0.81,-0.67,-0.83
2017,Barbados,Barbados,1.11,0.97,0.84,0.49,0.66,1.42
2017,Belarus,Belarus,-1.36,-0.05,-0.34,-0.74,-0.82,-0.26
2017,Belgium,Belgium,1.38,0.43,1.18,1.24,1.34,1.5
2017,Belize,Belize,0.57,0.04,-0.64,-0.54,-0.96,-0.27
2017,Benin,Benin,0.38,0.03,-0.65,-0.47,-0.62,-0.55
2017,Bermuda,Bermuda,,1,1.39,0.84,0.87,1.24
2017,Bhutan,Bhutan,0.01,1.12,0.57,-0.33,0.63,1.57
2017,Bolivia,Bolivia,-0.03,-0.28,-0.38,-0.9,-1.21,-0.66
2017,Bosnia and Herzegovina,Bosnia and Herzegovina,-0.21,-0.35,-0.48,-0.15,-0.21,-0.52
2017,Botswana,Botswana,0.39,1.02,0.44,0.46,0.52,0.8
2017,Brazil,Brazil,0.45,-0.42,-0.29,-0.11,-0.28,-0.53
2017,Brunei,Brunei Darussalam,-0.95,1.16,1.14,0.72,0.65,0.71
2017,Bulgaria,Bulgaria,0.38,0.33,0.26,0.63,-0.04,-0.16
2017,Burkina Faso,Burkina Faso,0.06,-0.93,-0.58,-0.44,-0.4,-0.11
2017,Burundi,Burundi,-1.57,-2.01,-1.34,-0.84,-1.4,-1.28
2017,Cambodia,Cambodia,-1.16,0.09,-0.66,-0.5,-1.06,-1.29
2017,Cameroon,Cameroon,-1.05,-1.1,-0.81,-0.82,-1.03,-1.2
2017,Canada,Canada,1.48,1.1,1.85,1.89,1.8,1.92
2017,Cape Verde,Cabo Verde,0.97,0.77,0.17,-0.2,0.42,0.83
2017,Cayman Islands,Cayman Islands,0.48,1.19,1.23,0.75,0.78,0.53
2017,Central African Republic,Central African Republic,-1.11,-2.01,-1.77,-1.48,-1.73,-1.17
2017,Chad,Chad,-1.37,-1.29,-1.47,-1.21,-1.3,-1.43
2017,Chile,Chile,1,0.42,0.84,1.34,1.01,1.04
2017,China,China,-1.5,-0.23,0.42,-0.15,-0.26,-0.27
2017,Colombia,Colombia,0.11,-0.77,-0.07,0.34,-0.36,-0.37
2017,Comoros,Comoros,-0.3,0.04,-1.57,-1.04,-1.05,-0.68
2017,DR Congo,"Congo, Dem. Rep.",-1.44,-2.35,-1.64,-1.47,-1.69,-1.42
2017,Congo,"Congo, Rep.",-1.12,-0.53,-1.2,-1.33,-1.1,-1.33
2017,Cook Islands,Cook Islands,,,,,,
2017,Costa Rica,Costa Rica,1.12,0.61,0.25,0.45,0.45,0.47
2017,Cote d'Ivoire,Cote d'Ivoire,-0.27,-1.09,-0.76,-0.36,-0.63,-0.53
2017,Croatia,Croatia,0.51,0.69,0.57,0.42,0.33,0.19
2017,Cuba,Cuba,-1.55,0.65,-0.18,-1.33,-0.43,0.27
2017,Cyprus,Cyprus,1.06,0.54,0.92,1.03,0.88,0.78
2017,Czech Republic,Czech Republic,0.97,1,1.01,1.23,1.12,0.57
2017,Denmark,Denmark,1.52,0.87,1.8,1.62,1.86,2.19
2017,Djibouti,Djibouti,-1.41,-0.74,-1.03,-0.64,-0.91,-0.64
2017,Dominica,Dominica,0.88,1.2,-0.25,0.13,0.65,0.65
2017,Dominican Republic,Dominican Republic,0.16,0.16,-0.37,-0.08,-0.42,-0.74
2017,Ecuador,Ecuador,-0.17,-0.07,-0.32,-1,-0.7,-0.6
2017,Egypt,"Egypt, Arab Rep.",-1.25,-1.42,-0.62,-0.86,-0.54,-0.55
2017,El Salvador,El Salvador,0.15,-0.26,-0.36,-0.15,-0.86,-0.51
2017,Equatorial Guinea,Equatorial Guinea,-1.97,-0.17,-1.44,-1.4,-1.49,-1.83
2017,Eritrea,Eritrea,-2.17,-0.73,-1.72,-2.2,-1.56,-1.2
2017,Estonia,Estonia,1.21,0.65,1.11,1.64,1.28,1.24
2017,Ethiopia,Ethiopia,-1.44,-1.68,-0.7,-1.01,-0.45,-0.56
2017,Fiji,Fiji,0.18,0.64,0.09,-0.22,-0.25,0.36
2017,Finland,Finland,1.55,1.08,1.94,1.82,2.03,2.22
2017,France,France,1.15,0.28,1.35,1.16,1.44,1.26
2017,French Guiana,French Guiana,1.29,0.5,1.38,1.28,1.2,1
2017,Gabon,Gabon,-1.06,-0.1,-0.93,-0.79,-0.68,-0.82
2017,Gambia,"Gambia, The",-0.62,-0.08,-0.65,-0.45,-0.43,-0.63
2017,Georgia,Georgia,0.26,-0.37,0.58,1.05,0.33,0.74
2017,Germany,Germany,1.39,0.59,1.72,1.78,1.61,1.84
2017,Ghana,Ghana,0.6,0.09,-0.11,-0.14,0.13,-0.23
2017,Greece,Greece,0.71,-0.07,0.31,0.24,0.08,-0.14
2017,Greenland,Greenland,1.29,1.92,0.84,1.32,1.72,1.18
2017,Grenada,Grenada,0.74,1.01,-0.18,-0.05,0.44,0.48
2017,Guam,Guam,,0.7,0.29,0.11,1.36,1.24
2017,Guatemala,Guatemala,-0.28,-0.65,-0.64,-0.26,-1.06,-0.74
2017,Guinea,Guinea,-0.74,-0.7,-1.04,-0.84,-1.23,-1.01
2017,Guinea-Bissau,Guinea-Bissau,-0.8,-0.5,-1.77,-1.18,-1.44,-1.56
2017,Guyana,Guyana,0.28,-0.04,-0.29,-0.39,-0.29,-0.51
2017,Haiti,Haiti,-0.74,-0.67,-2.07,-1.32,-1.09,-1.24
2017,Honduras,Honduras,-0.44,-0.56,-0.51,-0.44,-1.05,-0.72
2017,Hong Kong,"Hong Kong SAR, China",0.43,0.83,1.9,2.16,1.72,1.61
2017,Hungary,Hungary,0.37,0.81,0.52,0.65,0.53,0.09
2017,Iceland,Iceland,1.38,1.35,1.45,1.43,1.61,1.84
2017,India,India,0.39,-0.76,0.09,-0.25,0,-0.24
2017,Indonesia,Indonesia,0.13,-0.5,0.04,-0.11,-0.35,-0.25
2017,Iran,"Iran, Islamic Rep.",-1.3,-0.93,-0.2,-1.2,-0.68,-0.81
2017,Iraq,Iraq,-1.05,-2.31,-1.26,-1.2,-1.64,-1.37
2017,Ireland,Ireland,1.29,1,1.29,1.59,1.43,1.55
2017,Israel,Israel,0.7,-0.89,1.39,1.27,1.02,0.83
2017,Italy,Italy,1.05,0.31,0.5,0.7,0.32,0.19
2017,Jamaica,Jamaica,0.69,0.31,0.49,0.14,-0.16,-0.17
2017,Japan,Japan,1.01,1.11,1.62,1.37,1.57,1.52
2017,"Jersey, Channel Islands","Jersey, Channel Islands",1.29,1.27,1.26,0.68,1.72,1.17
2017,Jordan,Jordan,-0.72,-0.5,0.11,0.1,0.26,0.26
2017,Kazakhstan,Kazakhstan,-1.23,0.04,0.01,0.17,-0.41,-0.82
2017,Kenya,Kenya,-0.2,-1.13,-0.32,-0.23,-0.41,-0.95
2017,Kiribati,Kiribati,1.05,0.88,-0.25,-0.83,0.53,0.39
2017,North Korea,"Korea, Dem. Rep.",-2.2,-0.5,-1.67,-2.34,-1.72,-1.48
2017,South Korea,"Korea, Rep.",0.74,0.32,1.07,1.11,1.16,0.48
2017,Kosovo,Kosovo,-0.12,-0.25,-0.4,-0.13,-0.42,-0.5
2017,Kuwait,Kuwait,-0.61,-0.05,-0.18,-0.06,0.1,-0.33
2017,Kyrgyzstan,Kyrgyz Republic,-0.44,-0.43,-0.71,-0.35,-0.93,-1.05
2017,Laos,Lao PDR,-1.75,0.4,-0.38,-0.72,-0.88,-0.94
2017,Latvia,Latvia,0.8,0.46,0.9,1.15,0.93,0.54
2017,Lebanon,Lebanon,-0.58,-1.63,-0.51,-0.31,-0.82,-1
2017,Lesotho,Lesotho,0.04,-0.19,-0.86,-0.32,-0.27,-0.03
2017,Liberia,Liberia,-0.02,-0.36,-1.34,-0.95,-0.95,-0.66
2017,Libya,Libya,-1.44,-2.36,-1.77,-2.21,-1.78,-1.59
2017,Liechtenstein,Liechtenstein,1.28,1.48,1.76,1.49,1.67,2.06
2017,Lithuania,Lithuania,0.99,0.78,0.97,1.16,0.99,0.55
2017,Luxembourg,Luxembourg,1.52,1.33,1.68,1.69,1.74,1.99
2017,Macao,"Macao SAR, China",-0.05,1.43,1.38,1.76,0.85,0.64
2017,Macedonia,"Macedonia, FYR",-0.14,-0.25,0.15,0.5,-0.24,-0.31
2017,Madagascar,Madagascar,-0.34,-0.3,-1.14,-0.69,-0.86,-1.05
2017,Malawi,Malawi,-0.03,-0.25,-0.66,-0.75,-0.37,-0.66
2017,Malaysia,Malaysia,-0.4,0.12,0.83,0.68,0.41,0.03
2017,Maldives,Maldives,-0.74,0.23,-0.45,-0.42,-0.62,-0.79
2017,Mali,Mali,-0.25,-1.91,-0.94,-0.57,-0.78,-0.64
2017,Malta,Malta,1.17,1.25,1,1.28,1.14,0.74
2017,Marshall Islands,Marshall Islands,1.19,0.87,-1.55,-1.03,0.14,0
2017,Martinique,Martinique,,1,1.11,1.21,0.87,1.24
2017,Mauritania,Mauritania,-0.8,-0.63,-0.73,-0.78,-0.6,-0.75
2017,Mauritius,Mauritius,0.79,0.97,0.9,1,0.68,0.2
2017,Mexico,Mexico,-0.08,-0.72,-0.03,0.2,-0.57,-0.93
2017,"Micronesia, Fed. Sts.","Micronesia, Fed. Sts.",1.15,1.18,0.09,-0.99,0.01,0.75
2017,Moldova,Moldova,-0.03,-0.32,-0.53,-0.04,-0.41,-0.8
2017,Monaco,Monaco,0.84,1.63,,,,
2017,Mongolia,Mongolia,0.29,0.79,-0.26,-0.12,-0.3,-0.45
2017,Montenegro,Montenegro,0.12,-0.06,0.18,0.3,0.01,-0.09
2017,Morocco,Morocco,-0.67,-0.37,-0.19,-0.23,-0.16,-0.14
2017,Mozambique,Mozambique,-0.42,-0.93,-0.89,-0.73,-0.99,-0.83
2017,Myanmar,Myanmar,-0.87,-1.08,-1.05,-0.83,-0.95,-0.57
2017,Namibia,Namibia,0.55,0.63,0.2,-0.19,0.24,0.32
2017,Nauru,Nauru,0.51,0.52,-0.43,-1.1,-0.73,-0.47
2017,Nepal,Nepal,-0.23,-0.69,-0.89,-0.72,-0.68,-0.75
2017,Netherlands,Netherlands,1.57,0.92,1.85,2.05,1.83,1.87
2017,Netherlands Antilles (former),Netherlands Antilles (former),,,,,,
2017,New Zealand,New Zealand,1.56,1.59,1.77,2.09,1.92,2.24
2017,Nicaragua,Nicaragua,-0.72,-0.05,-0.63,-0.67,-0.64,-0.87
2017,Niger,Niger,-0.43,-1.27,-0.7,-0.68,-0.68,-0.66
2017,Nigeria,Nigeria,-0.34,-2,-1.01,-0.89,-0.87,-1.08
2017,Niue,Niue,,,,,,
2017,Norway,Norway,1.69,1.17,1.98,1.81,2.02,2.24
2017,Oman,Oman,-1.06,0.75,0.19,0.42,0.43,0.25
2017,Pakistan,Pakistan,-0.69,-2.41,-0.6,-0.59,-0.72,-0.78
2017,Palau,Palau,1.21,0.87,-0.23,-0.6,0.28,-0.47
2017,Panama,Panama,0.52,0.39,0.02,0.39,0.04,-0.54
2017,Papua New Guinea,Papua New Guinea,0.13,-0.7,-0.67,-0.65,-0.83,-0.9
2017,Paraguay,Paraguay,-0.04,0,-0.82,-0.23,-0.65,-0.73
2017,Peru,Peru,0.27,-0.26,-0.13,0.42,-0.5,-0.5
2017,Philippines,Philippines,0.08,-1.18,-0.05,0.02,-0.41,-0.48
2017,Poland,Poland,0.78,0.52,0.64,0.88,0.47,0.72
2017,Portugal,Portugal,1.21,1.12,1.33,0.91,1.13,0.87
2017,Puerto Rico,Puerto Rico,0.49,0.48,-0.1,0.87,0.62,0.14
2017,Qatar,Qatar,-1.18,0.66,0.74,0.42,0.72,0.73
2017,Reunion,Reunion,,0.32,1.11,1.21,1.11,0.64
2017,Romania,Romania,0.52,0.06,-0.17,0.49,0.39,-0.03
2017,Russia,Russian Federation,-1.09,-0.64,-0.08,-0.48,-0.79,-0.89
2017,Rwanda,Rwanda,-1.12,0.09,0.27,0.15,0.13,0.63
2017,Samoa,Samoa,0.78,1.18,0.62,-0.08,0.87,0.66
2017,San Marino,San Marino,1.19,0.87,,,,
2017,Sao Tome and Principe,Sao Tome and Principe,0.3,0.19,-0.75,-0.83,-0.7,0.17
2017,Saudi Arabia,Saudi Arabia,-1.68,-0.58,0.26,0,0.1,0.36
2017,Senegal,Senegal,0.32,-0.05,-0.32,-0.15,-0.14,-0.09
2017,Serbia,Serbia,0.12,0.09,0.18,0.01,-0.19,-0.38
2017,Seychelles,Seychelles,0.19,0.79,0.41,-0.18,0.1,0.68
2017,Sierra Leone,Sierra Leone,-0.19,-0.04,-1.18,-0.92,-0.78,-0.57
2017,Singapore,Singapore,-0.17,1.62,2.22,2.12,1.82,2.13
2017,Slovakia,Slovak Republic,0.94,0.91,0.8,0.82,0.57,0.22
2017,Slovenia,Slovenia,1,0.87,1.17,0.58,1.02,0.81
2017,Solomon Islands,Solomon Islands,0.49,0.2,-1.01,-0.8,-0.21,0.11
2017,Somalia,Somalia,-1.78,-2.26,-2.22,-2.29,-2.31,-1.72
2017,South Africa,South Africa,0.63,-0.28,0.29,0.23,-0.04,-0.02
2017,South Sudan,South Sudan,-1.82,-2.45,-2.48,-1.94,-1.94,-1.71
2017,Spain,Spain,1.03,0.28,1.03,0.94,1.01,0.49
2017,Sri Lanka,Sri Lanka,-0.06,-0.07,-0.15,-0.13,0.06,-0.45
2017,St. Kitts and Nevis,St. Kitts and Nevis,0.99,0.65,0.56,0.55,0.53,0.51
2017,St. Lucia,St. Lucia,0.98,0.99,0.27,0.31,0.6,0.59
2017,St. Vincent and the Grenadines,St. Vincent and the Grenadines,0.94,0.89,0.27,0.25,0.43,0.72
2017,Sudan,Sudan,-1.84,-1.98,-1.43,-1.56,-1.11,-1.53
2017,Suriname,Suriname,0.43,0.13,-0.62,-0.54,-0.15,-0.17
2017,Swaziland,Swaziland,-1.43,-0.27,-0.54,-0.56,-0.28,-0.27
2017,Sweden,Sweden,1.58,0.98,1.84,1.8,1.94,2.14
2017,Switzerland,Switzerland,1.56,1.26,2.06,1.88,1.93,1.99
2017,Syria,Syrian Arab Republic,-1.97,-2.62,-1.77,-1.83,-2.09,-1.56
2017,Taiwan,"Taiwan, China",1.01,0.86,1.26,1.37,1.14,0.96
2017,Tajikistan,Tajikistan,-1.72,-0.67,-1.11,-1.06,-1.35,-1.33
2017,Tanzania,Tanzania,-0.28,-0.56,-0.63,-0.58,-0.45,-0.46
2017,Thailand,Thailand,-1.05,-0.75,0.38,0.14,0.04,-0.39
2017,Timor-Leste,Timor-Leste,0.34,0.07,-1,-0.74,-1.17,-0.54
2017,Togo,Togo,-0.62,-0.88,-1.12,-0.79,-0.72,-0.71
2017,Tonga,Tonga,0.6,0.79,-0.22,-0.4,0.31,-0.16
2017,Trinidad and Tobago,Trinidad and Tobago,0.55,0.28,0.26,0.03,-0.11,-0.36
2017,Tunisia,Tunisia,0.16,-1.02,-0.08,-0.41,0.06,-0.11
2017,Turkey,Turkey,-0.71,-1.79,0.08,0.04,-0.25,-0.19
2017,Turkmenistan,Turkmenistan,-2.16,-0.13,-1.21,-2,-1.49,-1.48
2017,Tuvalu,Tuvalu,1.08,1.24,-0.74,-0.79,0.56,0.06
2017,Uganda,Uganda,-0.59,-0.57,-0.58,-0.22,-0.3,-1.04
2017,Ukraine,Ukraine,0.01,-1.87,-0.46,-0.32,-0.71,-0.78
2017,United Arab Emirates,United Arab Emirates,-1.1,0.62,1.42,1.01,0.8,1.13
2017,United Kingdom,United Kingdom,1.33,0.33,1.41,1.71,1.68,1.84
2017,United States,United States,1.05,0.34,1.55,1.63,1.64,1.38
2017,Uruguay,Uruguay,1.17,1.05,0.43,0.66,0.59,1.29
2017,Uzbekistan,Uzbekistan,-1.8,-0.24,-0.56,-1.26,-1.11,-1.16
2017,Vanuatu,Vanuatu,0.69,0.7,-0.9,-0.33,0.49,0.01
2017,Venezuela,"Venezuela, RB",-1.21,-1.25,-1.4,-1.96,-2.26,-1.36
2017,Vietnam,Vietnam,-1.4,0.29,0.01,-0.4,0.07,-0.58
2017,Virgin Islands (U.S.),Virgin Islands (U.S.),,1,0.84,0.84,0.63,0.64
2017,West Bank and Gaza,West Bank and Gaza,-1.03,-1.66,-0.4,0.02,-0.42,-0.03
2017,Yemen,"Yemen, Rep.",-1.69,-2.94,-1.92,-1.45,-1.75,-1.59
2017,Zambia,Zambia,-0.34,0.15,-0.63,-0.47,-0.33,-0.54
2017,Zimbabwe,Zimbabwe,-1.2,-0.71,-1.19,-1.56,-1.38,-1.27
2018,Afghanistan,Afghanistan,-0.99,-2.75,-1.46,-1.13,-1.67,-1.5
2018,Albania,Albania,0.21,0.38,0.11,0.28,-0.39,-0.52
2018,Algeria,Algeria,-0.98,-0.79,-0.44,-1.26,-0.78,-0.64
2018,American Samoa,American Samoa,,1.21,0.55,-0.29,1.36,1.85
2018,Andorra,Andorra,1.07,1.43,1.94,1.19,1.61,1.24
2018,Angola,Angola,-0.92,-0.32,-1.05,-1,-1.05,-1.14
2018,Anguilla,Anguilla,,1.3,0.83,0.82,-0.1,1.24
2018,Antigua and Barbuda,Antigua and Barbuda,0.62,0.73,-0.01,0.41,0.39,0.28
2018,Argentina,Argentina,0.57,0.02,0.03,-0.24,-0.24,-0.08
2018,Armenia,Armenia,-0.11,-0.42,-0.02,0.27,-0.15,-0.35
2018,Aruba,Aruba,1.31,1.37,1.06,0.85,1.3,1.25
2018,Australia,Australia,1.43,0.98,1.6,1.93,1.72,1.81
2018,Austria,Austria,1.38,0.92,1.45,1.54,1.88,1.6
2018,Azerbaijan,Azerbaijan,-1.5,-0.7,-0.1,-0.38,-0.6,-0.83
2018,Bahamas,"Bahamas, The",0.8,0.87,0.54,0.15,0.1,1.13
2018,Bahrain,Bahrain,-1.41,-0.84,0.18,0.45,0.41,-0.15
2018,Bangladesh,Bangladesh,-0.73,-1.03,-0.75,-0.83,-0.64,-0.91
2018,Barbados,Barbados,1.12,0.92,0.43,0.54,0.39,1.41
2018,Belarus,Belarus,-1.35,0.35,-0.3,-0.66,-0.83,-0.19
2018,Belgium,Belgium,1.4,0.41,1.17,1.23,1.37,1.51
2018,Belize,Belize,0.45,0.02,-0.59,-0.66,-0.82,-0.14
2018,Benin,Benin,0.27,-0.13,-0.57,-0.34,-0.68,-0.38
2018,Bermuda,Bermuda,,1.16,1.39,0.82,0.88,1.24
2018,Bhutan,Bhutan,0.06,1.1,0.36,-0.33,0.55,1.65
2018,Bolivia,Bolivia,-0.04,-0.24,-0.32,-0.89,-1.15,-0.63
2018,Bosnia and Herzegovina,Bosnia and Herzegovina,-0.24,-0.39,-0.62,-0.21,-0.23,-0.57
2018,Botswana,Botswana,0.47,0.98,0.33,0.45,0.47,0.75
2018,Brazil,Brazil,0.39,-0.36,-0.45,-0.31,-0.28,-0.42
2018,Brunei,Brunei Darussalam,-0.84,1.2,1.25,0.69,0.63,0.8
2018,Bulgaria,Bulgaria,0.32,0.42,0.27,0.58,-0.03,-0.15
2018,Burkina Faso,Burkina Faso,-0.04,-1.04,-0.58,-0.39,-0.45,-0.11
2018,Burundi,Burundi,-1.65,-1.6,-1.42,-0.98,-1.5,-1.45
2018,Cambodia,Cambodia,-1.22,0.11,-0.57,-0.5,-1.11,-1.33
2018,Cameroon,Cameroon,-1.1,-1.38,-0.8,-0.8,-1.08,-1.15
2018,Canada,Canada,1.52,0.99,1.72,1.67,1.77,1.87
2018,Cape Verde,Cabo Verde,1,0.75,0.32,-0.24,0.45,0.77
2018,Cayman Islands,Cayman Islands,0.49,1.15,1.2,0.98,0.77,0.5
2018,Central African Republic,Central African Republic,-1.19,-2.28,-1.72,-1.37,-1.69,-1.23
2018,Chad,Chad,-1.45,-1.48,-1.53,-1.11,-1.31,-1.41
2018,Chile,Chile,1.05,0.43,1.08,1.34,1.12,1.01
2018,China,China,-1.45,-0.26,0.48,-0.14,-0.2,-0.27
2018,Colombia,Colombia,0.19,-0.81,-0.09,0.33,-0.41,-0.3
2018,Comoros,Comoros,-0.44,-0.2,-1.64,-1.12,-1.08,-0.82
2018,DR Congo,"Congo, Dem. Rep.",-1.51,-2.12,-1.55,-1.47,-1.78,-1.5
2018,Congo,"Congo, Rep.",-1.18,-0.44,-1.22,-1.36,-1.1,-1.36
2018,Cook Islands,Cook Islands,,,,,,
2018,Costa Rica,Costa Rica,1.14,0.49,0.38,0.48,0.48,0.55
2018,Cote d'Ivoire,Cote d'Ivoire,-0.22,-0.93,-0.57,-0.19,-0.58,-0.5
2018,Croatia,Croatia,0.5,0.77,0.46,0.45,0.32,0.13
2018,Cuba,Cuba,-1.44,0.65,-0.24,-1.46,-0.44,0.17
2018,Cyprus,Cyprus,1.04,0.54,0.92,1.02,0.75,0.64
2018,Czech Republic,Czech Republic,0.93,1.04,0.92,1.26,1.05,0.5
2018,Denmark,Denmark,1.61,0.96,1.87,1.68,1.83,2.15
2018,Djibouti,Djibouti,-1.35,-0.13,-0.9,-0.71,-0.92,-0.72
2018,Dominica,Dominica,0.81,1.11,-0.29,0.08,0.62,0.55
2018,Dominican Republic,Dominican Republic,0.14,0.03,-0.4,-0.08,-0.4,-0.75
2018,Ecuador,Ecuador,0.03,-0.07,-0.26,-0.89,-0.63,-0.56
2018,Egypt,"Egypt, Arab Rep.",-1.28,-1.16,-0.58,-0.87,-0.41,-0.59
2018,El Salvador,El Salvador,0.04,-0.33,-0.45,-0.04,-0.82,-0.59
2018,Equatorial Guinea,Equatorial Guinea,-1.86,-0.05,-1.29,-1.56,-1.42,-1.56
2018,Eritrea,Eritrea,-2.18,-0.61,-1.73,-2.23,-1.59,-1.32
2018,Estonia,Estonia,1.21,0.6,1.19,1.56,1.24,1.51
2018,Ethiopia,Ethiopia,-1.16,-1.34,-0.61,-0.97,-0.43,-0.49
2018,Fiji,Fiji,0.22,0.74,0.26,-0.22,-0.13,0.38
2018,Finland,Finland,1.61,0.92,1.98,1.79,2.05,2.21
2018,France,France,1.18,0.11,1.48,1.17,1.44,1.32
2018,French Guiana,French Guiana,1.31,0.53,1.4,1.3,1.21,0.95
2018,Gabon,Gabon,-0.95,-0.25,-0.81,-0.88,-0.71,-0.85
2018,Gambia,"Gambia, The",-0.2,-0.03,-0.62,-0.63,-0.43,-0.46
2018,Georgia,Georgia,0.25,-0.43,0.61,1.12,0.33,0.71
2018,Germany,Germany,1.42,0.6,1.62,1.75,1.63,1.95
2018,Ghana,Ghana,0.58,0.03,-0.21,-0.08,0.07,-0.11
2018,Greece,Greece,0.86,0.09,0.34,0.3,0.15,-0.07
2018,Greenland,Greenland,1.31,1.94,0.84,1.38,1.74,1.18
2018,Grenada,Grenada,0.53,1,-0.25,-0.29,0.31,0.38
2018,Guam,Guam,,0.63,0.27,0.08,1.36,1.24
2018,Guatemala,Guatemala,-0.34,-0.54,-0.68,-0.2,-1.05,-0.82
2018,Guinea,Guinea,-0.75,-0.88,-0.97,-0.78,-1.21,-1.04
2018,Guinea-Bissau,Guinea-Bissau,-0.67,-0.67,-1.49,-1.2,-1.23,-1.53
2018,Guyana,Guyana,0.26,-0.18,-0.27,-0.53,-0.32,-0.23
2018,Haiti,Haiti,-0.75,-0.63,-1.91,-1.22,-1.03,-1.27
2018,Honduras,Honduras,-0.51,-0.55,-0.62,-0.47,-1.02,-0.62
2018,Hong Kong,"Hong Kong SAR, China",0.47,0.79,1.9,2.21,1.77,1.68
2018,Hungary,Hungary,0.32,0.76,0.49,0.6,0.56,0.05
2018,Iceland,Iceland,1.41,1.41,1.47,1.42,1.72,1.84
2018,India,India,0.38,-0.96,0.28,-0.18,0.03,-0.19
2018,Indonesia,Indonesia,0.18,-0.53,0.18,-0.07,-0.31,-0.25
2018,Iran,"Iran, Islamic Rep.",-1.32,-1.31,-0.43,-1.3,-0.69,-0.96
2018,Iraq,Iraq,-0.99,-2.56,-1.32,-1.22,-1.76,-1.4
2018,Ireland,Ireland,1.32,1.03,1.42,1.6,1.46,1.55
2018,Israel,Israel,0.65,-0.93,1.21,1.25,0.99,0.79
2018,Italy,Italy,1.05,0.31,0.41,0.67,0.25,0.24
2018,Jamaica,Jamaica,0.62,0.49,0.5,0.28,-0.24,-0.16
2018,Japan,Japan,1.02,1.06,1.68,1.33,1.53,1.42
2018,"Jersey, Channel Islands","Jersey, Channel Islands",1.31,1.27,1.26,0.72,1.74,1.1
2018,Jordan,Jordan,-0.7,-0.38,0.11,0.08,0.23,0.15
2018,Kazakhstan,Kazakhstan,-1.17,0,0.02,0.14,-0.43,-0.5
2018,Kenya,Kenya,-0.36,-1.16,-0.41,-0.23,-0.41,-0.85
2018,Kiribati,Kiribati,1.15,1.03,-0.28,-0.77,0.49,0.34
2018,North Korea,"Korea, Dem. Rep.",-2.2,-0.35,-1.57,-2.34,-1.63,-1.57
2018,South Korea,"Korea, Rep.",0.8,0.54,1.18,1.09,1.24,0.6
2018,Kosovo,Kosovo,-0.12,-0.61,-0.43,-0.28,-0.37,-0.52
2018,Kuwait,Kuwait,-0.59,0.11,-0.09,-0.04,0.21,-0.29
2018,Kyrgyzstan,Kyrgyz Republic,-0.37,-0.58,-0.61,-0.35,-0.91,-0.95
2018,Laos,Lao PDR,-1.74,0.42,-0.67,-0.79,-0.84,-0.98
2018,Latvia,Latvia,0.81,0.42,1.04,1.19,0.96,0.33
2018,Lebanon,Lebanon,-0.5,-1.64,-0.64,-0.34,-0.76,-1.11
2018,Lesotho,Lesotho,0.08,-0.22,-0.86,-0.5,-0.34,-0.1
2018,Liberia,Liberia,-0.04,-0.19,-1.34,-0.97,-0.99,-0.85
2018,Libya,Libya,-1.52,-2.44,-1.85,-2.28,-1.79,-1.55
2018,Liechtenstein,Liechtenstein,1.32,1.48,1.74,1.53,1.68,2.01
2018,Lithuania,Lithuania,0.92,0.75,1.07,1.11,0.96,0.5
2018,Luxembourg,Luxembourg,1.57,1.37,1.78,1.76,1.81,2.09
2018,Macao,"Macao SAR, China",-0.05,1.26,1.2,1.61,1.01,0.72
2018,Macedonia,"Macedonia, FYR",-0.01,-0.2,0.09,0.52,-0.28,-0.36
2018,Madagascar,Madagascar,-0.31,-0.52,-1.15,-0.73,-0.81,-1
2018,Malawi,Malawi,-0.06,-0.33,-0.73,-0.67,-0.38,-0.74
2018,Malaysia,Malaysia,-0.08,0.24,1.08,0.68,0.62,0.31
2018,Maldives,Maldives,-0.66,0.1,-0.49,-0.48,-0.55,-0.89
2018,Mali,Mali,-0.31,-2.05,-1,-0.55,-0.8,-0.7
2018,Malta,Malta,1.12,1.29,0.97,1.34,1.05,0.58
2018,Marshall Islands,Marshall Islands,1.15,0.86,-1.55,-1.14,-0.05,-0.07
2018,Martinique,Martinique,,0.99,1.11,1.19,0.88,1.24
2018,Mauritania,Mauritania,-0.85,-0.67,-0.73,-0.81,-0.69,-0.81
2018,Mauritius,Mauritius,0.76,0.87,0.88,1.03,0.78,0.27
2018,Mexico,Mexico,-0.01,-0.57,-0.15,0.15,-0.67,-0.86
2018,"Micronesia, Fed. Sts.","Micronesia, Fed. Sts.",1.15,1.34,-0.15,-0.96,-0.02,0.69
2018,Moldova,Moldova,-0.11,-0.35,-0.47,-0.05,-0.41,-0.73
2018,Monaco,Monaco,0.66,1.61,,,,
2018,Mongolia,Mongolia,0.26,0.79,-0.23,-0.03,-0.27,-0.43
2018,Montenegro,Montenegro,0.08,0.11,0.13,0.36,0.1,0.02
2018,Morocco,Morocco,-0.66,-0.33,-0.21,-0.24,-0.14,-0.22
2018,Mozambique,Mozambique,-0.47,-0.78,-0.87,-0.73,-1.04,-0.78
2018,Myanmar,Myanmar,-0.89,-1.31,-1.07,-0.75,-1.03,-0.59
2018,Namibia,Namibia,0.49,0.65,0.11,-0.05,0.24,0.34
2018,Nauru,Nauru,0.66,0.51,-0.08,-0.05,-0.69,-0.55
2018,Nepal,Nepal,-0.13,-0.63,-0.9,-0.75,-0.48,-0.67
2018,Netherlands,Netherlands,1.6,0.87,1.85,2.02,1.82,2.01
2018,Netherlands Antilles (former),Netherlands Antilles (former),,,,,,
2018,New Zealand,New Zealand,1.62,1.54,1.67,1.98,1.88,2.17
2018,Nicaragua,Nicaragua,-1.08,-0.8,-0.8,-0.69,-1.04,-1.06
2018,Niger,Niger,-0.58,-1.26,-0.77,-0.64,-0.58,-0.58
2018,Nigeria,Nigeria,-0.41,-2.19,-1.02,-0.88,-0.88,-1.04
2018,Niue,Niue,,,,,,
2018,Norway,Norway,1.73,1.15,1.89,1.76,1.97,2.09
2018,Oman,Oman,-1.03,0.65,0.19,0.31,0.46,0.25
2018,Pakistan,Pakistan,-0.8,-2.27,-0.63,-0.64,-0.67,-0.79
2018,Palau,Palau,1.15,0.86,-0.01,-0.01,0.31,-0.55
2018,Panama,Panama,0.58,0.28,-0.02,0.4,-0.06,-0.57
2018,Papua New Guinea,Papua New Guinea,0.04,-0.67,-0.68,-0.54,-0.77,-0.88
2018,Paraguay,Paraguay,0.05,-0.12,-0.52,-0.12,-0.54,-0.85
2018,Peru,Peru,0.23,-0.26,-0.25,0.52,-0.52,-0.54
2018,Philippines,Philippines,0.04,-1.12,0.05,0.05,-0.48,-0.54
2018,Poland,Poland,0.72,0.55,0.66,0.88,0.43,0.64
2018,Portugal,Portugal,1.2,1.14,1.21,0.89,1.14,0.85
2018,Puerto Rico,Puerto Rico,0.49,0.4,-0.16,0.93,0.59,0.04
2018,Qatar,Qatar,-1.2,0.68,0.63,0.52,0.73,0.72
2018,Reunion,Reunion,,0.27,1.11,1.19,1.12,0.63
2018,Romania,Romania,0.46,0.06,-0.25,0.45,0.33,-0.12
2018,Russia,Russian Federation,-1.06,-0.5,-0.06,-0.54,-0.82,-0.85
2018,Rwanda,Rwanda,-1.13,0.12,0.21,0.08,0.12,0.58
2018,Samoa,Samoa,0.76,1.19,0.59,-0.11,0.82,0.64
2018,San Marino,San Marino,1.15,0.86,,,,
2018,Sao Tome and Principe,Sao Tome and Principe,0.16,0.53,-0.64,-0.85,-0.69,0.18
2018,Saudi Arabia,Saudi Arabia,-1.64,-0.52,0.32,-0.05,0.14,0.36
2018,Senegal,Senegal,0.24,-0.09,-0.27,-0.11,-0.21,-0.02
2018,Serbia,Serbia,0,0.08,0.11,0.01,-0.15,-0.37
2018,Seychelles,Seychelles,0.21,0.7,0.5,-0.15,0.2,0.7
2018,Sierra Leone,Sierra Leone,-0.18,-0.03,-1.14,-0.91,-0.77,-0.49
2018,Singapore,Singapore,-0.06,1.51,2.23,2.13,1.84,2.17
2018,Slovakia,Slovak Republic,0.88,0.75,0.71,0.81,0.53,0.36
2018,Slovenia,Slovenia,0.99,0.91,1.13,0.69,1.06,0.87
2018,Solomon Islands,Solomon Islands,0.53,0.3,-1.05,-0.84,-0.23,0
2018,Somalia,Somalia,-1.83,-2.22,-2.19,-2.31,-2.33,-1.8
2018,South Africa,South Africa,0.66,-0.28,0.34,0.17,-0.1,-0.02
2018,South Sudan,South Sudan,-1.98,-2.44,-2.45,-2.06,-1.96,-1.73
2018,Spain,Spain,1.06,0.25,1,0.95,0.97,0.61
2018,Sri Lanka,Sri Lanka,0.01,-0.18,-0.24,-0.15,0.03,-0.34
2018,St. Kitts and Nevis,St. Kitts and Nevis,0.9,0.71,0.55,0.51,0.53,0.45
2018,St. Lucia,St. Lucia,0.86,1.01,0.2,0.29,0.56,0.54
2018,St. Vincent and the Grenadines,St. Vincent and the Grenadines,0.88,0.85,0.2,0.26,0.43,0.77
2018,Sudan,Sudan,-1.84,-1.84,-1.62,-1.63,-1.12,-1.43
2018,Suriname,Suriname,0.32,0.08,-0.66,-0.63,-0.06,-0.21
2018,Swaziland,Swaziland,-1.34,-0.31,-0.66,-0.6,-0.25,-0.22
2018,Sweden,Sweden,1.61,0.91,1.83,1.8,1.9,2.14
2018,Switzerland,Switzerland,1.62,1.34,2.04,1.78,1.93,2.01
2018,Syria,Syrian Arab Republic,-1.96,-2.74,-1.67,-1.8,-2.05,-1.63
2018,Taiwan,"Taiwan, China",0.98,0.85,1.36,1.36,1.11,1.03
2018,Tajikistan,Tajikistan,-1.69,-0.72,-1.1,-1.05,-1.28,-1.42
2018,Tanzania,Tanzania,-0.36,-0.56,-0.76,-0.61,-0.55,-0.45
2018,Thailand,Thailand,-1.01,-0.73,0.35,0.11,0.02,-0.4
2018,Timor-Leste,Timor-Leste,0.34,0.3,-0.98,-0.79,-1.13,-0.47
2018,Togo,Togo,-0.74,-0.98,-1.06,-0.65,-0.59,-0.73
2018,Tonga,Tonga,0.56,0.88,0.14,-0.35,0.39,-0.07
2018,Trinidad and Tobago,Trinidad and Tobago,0.57,0.25,0.19,-0.02,-0.12,-0.32
2018,Tunisia,Tunisia,0.21,-0.9,-0.11,-0.41,0.04,-0.05
2018,Turkey,Turkey,-0.83,-1.33,0.01,-0.05,-0.32,-0.34
2018,Turkmenistan,Turkmenistan,-2.14,-0.01,-1.04,-2,-1.45,-1.36
2018,Tuvalu,Tuvalu,1.15,1.43,-0.69,-0.57,0.53,0.03
2018,Uganda,Uganda,-0.67,-0.69,-0.61,-0.25,-0.29,-1.04
2018,Ukraine,Ukraine,-0.01,-1.83,-0.42,-0.22,-0.72,-0.87
2018,United Arab Emirates,United Arab Emirates,-1.11,0.74,1.43,0.93,0.81,1.15
2018,United Kingdom,United Kingdom,1.38,0.05,1.34,1.76,1.64,1.83
2018,United States,United States,1.04,0.48,1.58,1.58,1.45,1.32
2018,Uruguay,Uruguay,1.21,1.05,0.56,0.5,0.6,1.27
2018,Uzbekistan,Uzbekistan,-1.62,-0.28,-0.55,-1.1,-1.07,-1.07
2018,Vanuatu,Vanuatu,0.54,0.84,-0.49,-0.47,0.34,-0.16
2018,Venezuela,"Venezuela, RB",-1.41,-1.34,-1.58,-2.33,-2.34,-1.47
2018,Vietnam,Vietnam,-1.45,0.2,0,-0.39,0,-0.49
2018,Virgin Islands (U.S.),Virgin Islands (U.S.),,0.99,0.83,0.82,1.12,0.63
2018,West Bank and Gaza,West Bank and Gaza,-0.9,-1.74,-0.76,0.05,-0.48,-0.2
2018,Yemen,"Yemen, Rep.",-1.75,-3,-2.24,-1.54,-1.79,-1.64
2018,Zambia,Zambia,-0.32,0.14,-0.56,-0.44,-0.34,-0.66
2018,Zimbabwe,Zimbabwe,-1.13,-0.71,-1.2,-1.58,-1.27,-1.24
2011,Aruba,Aruba,1.27,1.29,1.24,1.32,1.33,1.11
2011,Andorra,Andorra,1.36,1.30,1.50,1.62,1.41,1.28
2011,Afghanistan,Afghanistan,-1.34,-2.50,-1.45,-1.54,-1.90,-1.58
2011,Angola,Angola,-1.13,-0.37,-1.15,-1.10,-1.27,-1.34
2011,Anguilla,Anguilla,1.01,1.55,1.50,1.37,1.36,1.28
2011,Albania,Albania,0.06,-0.28,-0.21,0.23,-0.46,-0.68
2011,Netherlands Antilles (former),Netherlands Antilles (former),0.34,1.21,0.74,0.88,0.84,0.80
2011,United Arab Emirates,United Arab Emirates,-0.90,0.91,1.06,0.45,0.50,1.08
2011,Argentina,Argentina,0.34,0.16,-0.12,-0.72,-0.56,-0.37
2011,Armenia,Armenia,-0.69,-0.06,-0.13,0.27,-0.44,-0.66
2011,American Samoa,American Samoa,1.01,0.93,0.49,0.39,1.10,0.32
2011,Antigua and Barbuda,Antigua and Barbuda,0.51,0.96,0.49,0.64,0.95,1.28
2011,Australia,Australia,1.45,0.94,1.70,1.86,1.74,2.04
2011,Austria,Austria,1.40,1.19,1.62,1.38,1.80,1.43
2011,Azerbaijan,Azerbaijan,-1.30,-0.53,-0.77,-0.37,-0.89,-1.18
2011,Burundi,Burundi,-0.93,-1.81,-1.06,-1.01,-1.14,-1.19
2011,Belgium,Belgium,1.33,0.95,1.66,1.24,1.42,1.58
2011,Benin,Benin,0.17,0.32,-0.55,-0.35,-0.66,-0.59
2011,Burkina Faso,Burkina Faso,-0.28,-0.56,-0.56,-0.18,-0.36,-0.37
2011,Bangladesh,Bangladesh,-0.32,-1.40,-0.76,-0.81,-0.73,-1.09
2011,Bulgaria,Bulgaria,0.45,0.30,0.11,0.54,-0.11,-0.22
2011,Bahrain,Bahrain,-1.22,-0.95,0.52,0.72,0.35,0.22
2011,Bahamas,"Bahamas, The",0.96,1.10,0.98,0.53,0.62,1.35
2011,Bosnia and Herzegovina,Bosnia and Herzegovina,-0.16,-0.82,-0.74,-0.03,-0.33,-0.32
2011,Belarus,Belarus,-1.66,-0.09,-1.08,-1.18,-1.11,-0.68
2011,Belize,Belize,0.70,0.15,-0.38,-0.51,-0.49,-0.33
2011,Bermuda,Bermuda,1.01,0.96,1.00,1.37,1.10,1.28
2011,Bolivia,Bolivia,-0.07,-0.42,-0.47,-0.76,-0.98,-0.57
2011,Brazil,Brazil,0.51,-0.13,-0.12,0.17,0.04,0.17
2011,Barbados,Barbados,1.11,1.25,1.47,0.65,1.08,1.72
2011,Brunei,Brunei Darussalam,-0.61,1.09,0.90,1.15,0.85,0.86
2011,Bhutan,Bhutan,-0.40,0.83,0.63,-1.15,0.20,0.84
2011,South Sudan,South Sudan,-1.11,-1.43,-1.88,-1.67,-1.38,-1.40
2011,Botswana,Botswana,0.43,1.06,0.46,0.49,0.67,1.00
2011,Central African Republic,Central African Republic,-1.09,-1.79,-1.28,-1.19,-1.29,-0.95
2011,Canada,Canada,1.38,1.08,1.78,1.69,1.74,1.98
2011,Switzerland,Switzerland,1.58,1.30,1.87,1.62,1.73,2.04
2011,Chile,Chile,1.07,0.45,1.25,1.46,1.37,1.53
2011,China,China,-1.64,-0.60,0.09,-0.22,-0.46,-0.51
2011,Cote d'Ivoire,Côte d'Ivoire,-1.08,-1.41,-1.16,-0.87,-1.27,-1.01
2011,Cameroon,Cameroon,-1.03,-0.66,-0.89,-0.81,-1.07,-1.15
2011,Congo,"Congo, Rep.",-1.11,-0.35,-1.20,-1.26,-1.20,-1.12
2011,Cook Islands,Cook Islands,-0.41,,-0.97,-1.17,-0.88,-0.23
2011,Colombia,Colombia,-0.06,-1.28,0.04,0.36,-0.26,-0.29
2011,Comoros,Comoros,-0.37,-0.55,-1.76,-1.36,-1.00,-0.79
2011,Cape Verde,Cape Verde,0.97,0.72,0.15,0.07,0.51,0.90
2011,Costa Rica,Costa Rica,1.05,0.51,0.34,0.45,0.45,0.65
2011,Cuba,Cuba,-1.61,0.28,-0.38,-1.63,-0.69,0.27
2011,Cayman Islands,Cayman Islands,0.58,1.34,1.24,1.14,0.88,1.35
2011,Cyprus,Cyprus,1.05,0.61,1.56,1.24,1.07,0.87
2011,Czech Republic,Czech Republic,1.02,1.11,0.93,1.20,1.04,0.34
2011,Germany,Germany,1.35,0.84,1.55,1.55,1.62,1.74
2011,Djibouti,Djibouti,-1.41,0.18,-0.95,-0.54,-0.81,-0.41
2011,Dominica,Dominica,0.99,1.14,0.60,0.30,0.65,0.71
2011,Denmark,Denmark,1.55,1.10,2.10,1.91,1.92,2.40
2011,Dominican Republic,Dominican Republic,0.09,0.00,-0.59,-0.20,-0.77,-0.81
2011,Algeria,Algeria,-1.00,-1.36,-0.56,-1.19,-0.81,-0.54
2011,Ecuador,Ecuador,-0.29,-0.69,-0.58,-1.03,-1.21,-0.71
2011,Egypt,"Egypt, Arab Rep.",-1.14,-1.44,-0.57,-0.34,-0.45,-0.70
2011,Eritrea,Eritrea,-2.23,-0.77,-1.41,-2.21,-1.35,-0.63
2011,Spain,Spain,1.09,0.02,1.03,1.07,1.20,1.10
2011,Estonia,Estonia,1.13,0.61,1.08,1.39,1.18,1.05
2011,Ethiopia,Ethiopia,-1.36,-1.51,-0.48,-1.00,-0.74,-0.66
2011,Finland,Finland,1.51,1.39,2.24,1.82,1.95,2.20
2011,Fiji,Fiji,-1.09,-0.07,-0.71,-0.50,-0.82,-0.13
2011,France,France,1.17,0.60,1.36,1.16,1.45,1.53
2011,"Micronesia, Fed. Sts.","Micronesia, Fed. Sts.",1.00,1.10,-0.75,-0.89,-0.06,-0.34
2011,Gabon,Gabon,-0.91,0.38,-0.80,-0.54,-0.46,-0.89
2011,United Kingdom,United Kingdom,1.30,0.35,1.56,1.66,1.65,1.62
2011,Georgia,Georgia,-0.17,-0.66,0.55,0.66,-0.12,0.12
2011,Ghana,Ghana,0.48,0.17,-0.05,0.12,0.00,-0.03
2011,Guinea,Guinea,-0.89,-1.39,-1.12,-1.01,-1.45,-1.10
2011,Gambia,"Gambia, The",-1.22,0.00,-0.61,-0.28,-0.54,-0.51
2011,Guinea-Bissau,Guinea-Bissau,-0.85,-0.75,-1.03,-1.12,-1.31,-1.16
2011,Equatorial Guinea,Equatorial Guinea,-1.90,0.15,-1.63,-1.33,-1.27,-1.46
2011,Greece,Greece,0.82,-0.10,0.51,0.50,0.57,-0.10
2011,Grenada,Grenada,0.79,0.36,0.23,0.29,0.14,0.42
2011,Greenland,Greenland,1.28,1.94,1.01,1.33,1.74,1.23
2011,Guatemala,Guatemala,-0.31,-0.74,-0.70,-0.13,-1.04,-0.53
2011,French Guiana,French Guiana,1.09,0.19,1.19,1.21,1.20,1.11
2011,Guam,Guam,0.78,0.79,-0.02,0.64,1.10,0.80
2011,Guyana,Guyana,0.03,-0.43,-0.08,-0.66,-0.51,-0.61
2011,Hong Kong,"Hong Kong SAR, China",0.57,0.95,1.65,1.78,1.55,1.85
2011,Honduras,Honduras,-0.47,-0.39,-0.54,-0.13,-0.90,-0.83
2011,Croatia,Croatia,0.52,0.62,0.56,0.54,0.22,0.06
2011,Haiti,Haiti,-0.75,-0.99,-1.67,-1.05,-1.41,-1.22
2011,Hungary,Hungary,0.84,0.74,0.67,1.03,0.76,0.40
2011,Indonesia,Indonesia,-0.01,-0.77,-0.26,-0.35,-0.59,-0.70
2011,India,India,0.44,-1.33,0.01,-0.34,-0.09,-0.54
2011,Ireland,Ireland,1.31,0.95,1.46,1.60,1.76,1.56
2011,Iran,"Iran, Islamic Rep.",-1.58,-1.42,-0.43,-1.52,-0.97,-0.87
2011,Iraq,Iraq,-1.07,-1.85,-1.13,-1.09,-1.45,-1.17
2011,Iceland,Iceland,1.41,1.24,1.58,1.06,1.70,1.94
2011,Israel,Israel,0.65,-1.20,1.34,1.32,1.01,0.80
2011,Italy,Italy,0.91,0.50,0.38,0.72,0.47,0.18
2011,Jamaica,Jamaica,0.48,-0.06,0.22,0.29,-0.40,-0.16
2011,Jordan,Jordan,-0.80,-0.51,0.09,0.30,0.24,0.10
2011,Japan,Japan,1.07,1.00,1.47,1.08,1.31,1.56
2011,Kazakhstan,Kazakhstan,-1.12,-0.34,-0.41,-0.24,-0.57,-0.99
2011,Kenya,Kenya,-0.27,-1.24,-0.57,-0.21,-0.90,-0.95
2011,Kyrgyzstan,Kyrgyz Republic,-0.68,-1.10,-0.64,-0.21,-1.19,-1.22
2011,Cambodia,Cambodia,-0.91,-0.30,-0.86,-0.58,-1.05,-1.24
2011,Kiribati,Kiribati,0.84,1.30,-0.78,-1.40,0.10,0.09
2011,St. Kitts and Nevis,St. Kitts and Nevis,1.12,0.96,0.76,0.45,0.72,1.02
2011,South Korea,"Korea, Rep.",0.73,0.41,1.25,0.99,1.03,0.53
2011,Kuwait,Kuwait,-0.56,0.31,0.02,0.08,0.55,0.09
2011,Laos,Lao PDR,-1.68,-0.06,-0.83,-0.98,-1.00,-1.18
2011,Lebanon,Lebanon,-0.39,-1.56,-0.27,-0.06,-0.69,-0.90
2011,Liberia,Liberia,-0.26,-0.43,-1.25,-1.09,-0.93,-0.67
2011,Libya,Libya,-1.59,-1.29,-1.31,-1.54,-1.20,-1.30
2011,St. Lucia,St. Lucia,1.16,0.85,0.85,0.51,0.79,1.21
2011,Liechtenstein,Liechtenstein,1.56,1.49,1.77,1.50,1.62,1.81
2011,Sri Lanka,Sri Lanka,-0.55,-0.72,-0.11,-0.11,-0.12,-0.39
2011,Lesotho,Lesotho,-0.09,0.38,-0.31,-0.61,-0.25,0.15
2011,Lithuania,Lithuania,0.86,0.67,0.70,0.93,0.77,0.33
2011,Luxembourg,Luxembourg,1.60,1.32,1.75,1.87,1.83,2.16
2011,Latvia,Latvia,0.74,0.32,0.70,0.96,0.75,0.29
2011,Kosovo,Kosovo,-0.24,-1.04,-0.46,-0.12,-0.52,-0.61
2011,Macao,"Macao SAR, China",0.61,0.61,1.33,1.34,0.69,0.44
2011,Morocco,Morocco,-0.71,-0.39,-0.15,-0.12,-0.23,-0.40
2011,Monaco,Monaco,0.80,1.04,,,0.95,
2011,Moldova,Moldova,0.05,-0.05,-0.62,-0.08,-0.33,-0.62
2011,Madagascar,Madagascar,-0.88,-0.71,-1.03,-0.53,-0.89,-0.48
2011,Maldives,Maldives,-0.16,-0.24,-0.31,-0.37,-0.55,-0.55
2011,Mexico,Mexico,0.12,-0.67,0.31,0.28,-0.55,-0.40
2011,Marshall Islands,Marshall Islands,1.13,1.06,-1.46,-1.00,0.12,-0.33
2011,Macedonia,"Macedonia, FYR",-0.04,-0.62,-0.11,0.32,-0.24,-0.09
2011,Mali,Mali,0.17,-0.71,-0.82,-0.40,-0.50,-0.64
2011,Malta,Malta,1.14,1.06,1.20,1.34,1.29,0.77
2011,Myanmar,Myanmar,-1.85,-1.11,-1.60,-2.10,-1.44,-1.59
2011,Mongolia,Mongolia,0.05,0.61,-0.59,-0.22,-0.27,-0.69
2011,Montenegro,Montenegro,0.21,0.57,0.10,-0.06,0.02,-0.20
2011,Mozambique,Mozambique,-0.20,0.33,-0.64,-0.43,-0.57,-0.49
2011,Mauritania,Mauritania,-0.93,-1.17,-0.95,-0.78,-0.92,-0.63
2011,Martinique,Martinique,0.56,0.62,0.74,0.88,0.84,0.80
2011,Mauritius,Mauritius,0.80,0.95,0.87,0.84,0.90,0.54
2011,Malawi,Malawi,-0.25,-0.07,-0.43,-0.70,-0.16,-0.42
2011,Malaysia,Malaysia,-0.47,0.08,1.02,0.58,0.48,0.03
2011,Namibia,Namibia,0.34,0.91,0.05,0.05,0.13,0.31
2011,Niger,Niger,-0.25,-0.88,-0.62,-0.53,-0.39,-0.64
2011,Nigeria,Nigeria,-0.71,-1.96,-1.10,-0.68,-1.18,-1.17
2011,Nicaragua,Nicaragua,-0.58,-0.27,-0.90,-0.34,-0.72,-0.73
2011,Niue,Niue,-0.41,,-0.97,-0.94,-0.74,-0.44
2011,Netherlands,Netherlands,1.54,1.11,1.79,1.81,1.82,2.12
2011,Norway,Norway,1.63,1.34,1.84,1.61,1.87,2.15
2011,Nepal,Nepal,-0.45,-1.42,-0.90,-0.72,-0.89,-0.78
2011,Nauru,Nauru,1.10,1.06,-0.58,-1.08,0.56,-0.04
2011,New Zealand,New Zealand,1.58,1.38,1.88,1.97,1.90,2.30
2011,Oman,Oman,-1.06,0.43,0.25,0.32,0.47,0.14
2011,Pakistan,Pakistan,-0.83,-2.81,-0.82,-0.63,-0.90,-1.08
2011,Panama,Panama,0.53,-0.03,0.09,0.43,0.02,-0.32
2011,Palau,Palau,1.21,1.06,-0.58,-0.90,0.89,-0.53
2011,Peru,Peru,0.13,-0.76,-0.16,0.46,-0.58,-0.22
2011,Philippines,Philippines,-0.02,-1.39,0.09,-0.23,-0.51,-0.67
2011,Papua New Guinea,Papua New Guinea,-0.04,-0.75,-0.71,-0.52,-0.81,-1.02
2011,Poland,Poland,1.03,1.07,0.62,0.93,0.77,0.56
2011,Puerto Rico,Puerto Rico,0.72,0.60,0.34,0.86,0.73,0.44
2011,North Korea,"Korea, Dem. Rep.",-2.24,-0.25,-1.87,-2.45,-1.38,-1.31
2011,Portugal,Portugal,1.11,0.74,0.95,0.63,1.02,1.11
2011,Paraguay,Paraguay,-0.08,-0.69,-0.84,-0.37,-0.84,-0.72
2011,Qatar,Qatar,-1.08,1.17,0.75,0.50,0.76,1.01
2011,Reunion,Réunion,1.23,0.42,1.00,1.13,0.84,0.80
2011,Romania,Romania,0.38,0.19,-0.33,0.66,0.06,-0.21
2011,Russia,Russian Federation,-0.88,-1.00,-0.47,-0.35,-0.73,-1.07
2011,Rwanda,Rwanda,-1.33,-0.18,0.07,-0.14,-0.31,0.36
2011,Samoa,Samoa,0.40,0.99,-0.01,-0.30,0.69,0.10
2011,Saudi Arabia,Saudi Arabia,-1.91,-0.46,-0.30,0.03,0.05,-0.31
2011,Sudan,Sudan,-1.77,-2.52,-1.38,-1.31,-1.28,-1.18
2011,Senegal,Senegal,-0.22,-0.28,-0.50,-0.21,-0.46,-0.50
2011,Singapore,Singapore,-0.10,1.19,2.15,1.79,1.67,2.11
2011,Solomon Islands,Solomon Islands,0.00,0.31,-0.86,-1.04,-0.52,-0.34
2011,Sierra Leone,Sierra Leone,-0.20,-0.17,-1.19,-0.71,-0.85,-0.84
2011,El Salvador,El Salvador,0.04,0.11,-0.10,0.47,-0.72,-0.26
2011,San Marino,San Marino,1.20,1.06,,,0.95,
2011,Somalia,Somalia,-2.02,-3.08,-2.14,-2.38,-2.33,-1.71
2011,Sao Tome and Principe,São Tomé and Principe,0.25,0.01,-0.70,-0.73,-0.66,-0.18
2011,Suriname,Suriname,0.38,0.12,-0.12,-0.58,-0.04,-0.28
2011,Slovakia,Slovak Republic,0.97,0.97,0.83,1.00,0.61,0.28
2011,Slovenia,Slovenia,1.06,0.97,0.99,0.70,1.05,0.95
2011,Sweden,Sweden,1.61,1.23,1.97,1.90,1.94,2.20
2011,Swaziland,Swaziland,-1.32,-0.48,-0.68,-0.64,-0.49,-0.35
2011,Seychelles,Seychelles,0.02,0.94,0.28,-0.38,-0.01,0.42
2011,Syria,Syrian Arab Republic,-1.81,-2.01,-0.50,-0.95,-0.78,-1.09
2011,Chad,Chad,-1.35,-1.32,-1.37,-1.03,-1.47,-1.33
2011,Togo,Togo,-0.90,-0.16,-1.37,-1.00,-0.88,-1.01
2011,Thailand,Thailand,-0.41,-1.13,0.21,0.20,-0.20,-0.32
2011,Tajikistan,Tajikistan,-1.38,-1.02,-0.95,-0.98,-1.23,-1.22
2011,Turkmenistan,Turkmenistan,-2.17,0.23,-1.60,-2.02,-1.46,-1.54
2011,Timor-Leste,Timor-Leste,0.13,-0.46,-1.15,-1.04,-1.18,-0.81
2011,Tonga,Tonga,0.32,0.94,-0.36,-0.59,-0.02,-0.33
2011,Trinidad and Tobago,Trinidad and Tobago,0.52,0.14,0.32,0.42,-0.15,-0.11
2011,Tunisia,Tunisia,-0.37,-0.35,0.02,-0.19,-0.13,-0.06
2011,Turkey,Turkey,-0.14,-0.96,0.35,0.37,0.07,0.04
2011,Tuvalu,Tuvalu,0.72,1.30,-0.80,-1.25,0.47,-0.53
2011,Taiwan,"Taiwan, China",0.84,0.95,1.15,1.12,1.03,0.87
2011,Tanzania,Tanzania,-0.14,-0.02,-0.65,-0.42,-0.51,-0.59
2011,Uganda,Uganda,-0.53,-0.98,-0.52,-0.16,-0.36,-0.92
2011,Ukraine,Ukraine,-0.13,-0.07,-0.82,-0.60,-0.82,-1.05
2011,Uruguay,Uruguay,1.12,0.96,0.55,0.44,0.70,1.28
2011,United States,United States,1.13,0.59,1.52,1.46,1.60,1.27
2011,Uzbekistan,Uzbekistan,-2.12,-0.60,-0.69,-1.56,-1.45,-1.37
2011,St. Vincent and the Grenadines,St. Vincent and the Grenadines,1.02,0.85,0.76,0.42,0.92,1.02
2011,Venezuela,"Venezuela, RB",-0.93,-1.09,-1.19,-1.48,-1.68,-1.17
2011,Virgin Islands (U.S.),Virgin Islands (U.S.),0.78,0.86,1.25,0.64,0.84,0.80
2011,Vietnam,Vietnam,-1.46,0.19,-0.23,-0.60,-0.54,-0.61
2011,Vanuatu,Vanuatu,0.43,1.11,-0.24,-0.67,0.27,0.30
2011,West Bank and Gaza,West Bank and Gaza,-1.01,-1.94,-0.59,0.20,-0.43,-0.45
2011,"Jersey, Channel Islands","Jersey, Channel Islands",1.28,1.48,1.46,1.12,1.74,1.23
2011,Yemen,"Yemen, Rep.",-1.39,-2.43,-1.15,-0.84,-1.29,-1.23
2011,Serbia,Serbia,0.28,-0.28,-0.09,0.03,-0.29,-0.27
2011,South Africa,South Africa,0.59,0.02,0.41,0.41,0.15,0.06
2011,DR Congo,"Congo, Dem. Rep.",-1.49,-2.21,-1.68,-1.52,-1.62,-1.43
2011,Zambia,Zambia,-0.17,0.51,-0.66,-0.44,-0.46,-0.40
2011,Zimbabwe,Zimbabwe,-1.46,-0.95,-1.37,-1.93,-1.78,-1.40
2012,Aruba,Aruba,1.28,1.26,1.25,1.41,1.32,1.10
2012,Andorra,Andorra,1.43,1.29,1.53,1.57,1.41,1.27
2012,Afghanistan,Afghanistan,-1.27,-2.42,-1.36,-1.19,-1.64,-1.42
2012,Angola,Angola,-1.08,-0.39,-0.99,-0.97,-1.27,-1.27
2012,Anguilla,Anguilla,1.03,1.48,1.53,1.33,1.36,1.27
2012,Albania,Albania,0.02,-0.14,-0.27,0.20,-0.52,-0.73
2012,Netherlands Antilles (former),Netherlands Antilles (former),0.35,1.08,0.75,0.85,0.84,0.79
2012,United Arab Emirates,United Arab Emirates,-1.00,0.86,1.15,0.68,0.54,1.16
2012,Argentina,Argentina,0.30,0.10,-0.24,-0.93,-0.68,-0.44
2012,Armenia,Armenia,-0.57,0.15,-0.04,0.35,-0.42,-0.59
2012,American Samoa,American Samoa,1.03,0.95,0.49,0.36,1.10,0.31
2012,Antigua and Barbuda,Antigua and Barbuda,0.64,0.98,0.49,0.60,0.95,1.27
2012,Australia,Australia,1.50,1.00,1.62,1.79,1.77,1.99
2012,Austria,Austria,1.45,1.34,1.58,1.52,1.86,1.39
2012,Azerbaijan,Azerbaijan,-1.30,-0.72,-0.78,-0.46,-0.83,-1.13
2012,Burundi,Burundi,-0.89,-1.70,-1.32,-0.95,-1.08,-1.45
2012,Belgium,Belgium,1.35,0.92,1.60,1.23,1.43,1.61
2012,Benin,Benin,0.12,0.36,-0.52,-0.38,-0.59,-0.86
2012,Burkina Faso,Burkina Faso,-0.30,-0.57,-0.62,-0.12,-0.44,-0.48
2012,Bangladesh,Bangladesh,-0.40,-1.38,-0.80,-0.95,-0.93,-0.85
2012,Bulgaria,Bulgaria,0.40,0.38,0.14,0.56,-0.09,-0.23
2012,Bahrain,Bahrain,-1.32,-1.13,0.55,0.69,0.26,0.37
2012,Bahamas,"Bahamas, The",0.93,1.18,0.99,0.40,0.62,1.32
2012,Bosnia and Herzegovina,Bosnia and Herzegovina,-0.10,-0.54,-0.46,-0.05,-0.21,-0.30
2012,Belarus,Belarus,-1.57,0.07,-0.90,-1.07,-0.94,-0.52
2012,Belize,Belize,0.70,0.18,-0.32,-0.47,-0.46,-0.14
2012,Bermuda,Bermuda,1.03,0.98,1.01,1.33,1.10,1.27
2012,Bolivia,Bolivia,-0.08,-0.46,-0.37,-0.82,-1.02,-0.73
2012,Brazil,Brazil,0.48,0.05,-0.13,0.09,-0.07,-0.04
2012,Barbados,Barbados,1.13,1.19,1.46,0.45,1.03,1.66
2012,Brunei,Brunei Darussalam,-0.51,0.91,0.84,1.15,0.79,0.55
2012,Bhutan,Bhutan,-0.28,0.78,0.51,-1.09,0.24,0.94
2012,South Sudan,South Sudan,-1.33,-1.16,-1.58,-1.47,-1.43,-1.28
2012,Botswana,Botswana,0.53,1.10,0.48,0.61,0.66,0.93
2012,Central African Republic,Central African Republic,-1.24,-1.85,-1.45,-1.08,-1.44,-0.99
2012,Canada,Canada,1.44,1.11,1.77,1.71,1.76,1.93
2012,Switzerland,Switzerland,1.64,1.42,1.89,1.66,1.82,2.15
2012,Chile,Chile,1.08,0.33,1.26,1.54,1.39,1.58
2012,China,China,-1.64,-0.54,0.02,-0.24,-0.54,-0.44
2012,Cote d'Ivoire,Côte d'Ivoire,-0.78,-1.26,-1.10,-0.76,-1.08,-0.83
2012,Cameroon,Cameroon,-1.02,-0.59,-0.90,-0.93,-1.04,-1.26
2012,Congo,"Congo, Rep.",-1.16,-0.49,-1.17,-1.36,-1.14,-1.21
2012,Cook Islands,Cook Islands,-0.48,,-1.00,-1.14,-0.94,-0.22
2012,Colombia,Colombia,-0.06,-1.40,0.02,0.40,-0.35,-0.39
2012,Comoros,Comoros,-0.47,-0.45,-1.55,-1.39,-1.02,-0.78
2012,Cape Verde,Cape Verde,0.94,0.81,0.12,0.06,0.52,0.87
2012,Costa Rica,Costa Rica,1.09,0.64,0.50,0.57,0.52,0.62
2012,Cuba,Cuba,-1.51,0.31,-0.40,-1.56,-0.71,0.24
2012,Cayman Islands,Cayman Islands,0.57,0.96,1.25,1.11,0.90,1.35
2012,Cyprus,Cyprus,1.02,0.64,1.39,1.13,1.10,1.25
2012,Czech Republic,Czech Republic,0.97,1.05,0.93,1.06,1.04,0.27
2012,Germany,Germany,1.39,0.78,1.59,1.54,1.66,1.83
2012,Djibouti,Djibouti,-1.43,0.16,-1.06,-0.43,-0.79,-0.46
2012,Dominica,Dominica,0.95,0.98,0.66,0.33,0.64,0.66
2012,Denmark,Denmark,1.67,0.91,1.98,1.81,1.87,2.38
2012,Dominican Republic,Dominican Republic,0.12,0.25,-0.51,-0.10,-0.69,-0.86
2012,Algeria,Algeria,-0.91,-1.33,-0.53,-1.28,-0.77,-0.50
2012,Ecuador,Ecuador,-0.30,-0.57,-0.50,-1.02,-1.13,-0.58
2012,Egypt,"Egypt, Arab Rep.",-0.77,-1.44,-0.81,-0.48,-0.47,-0.60
2012,Eritrea,Eritrea,-2.21,-0.70,-1.45,-2.24,-1.39,-0.78
2012,Spain,Spain,1.06,-0.03,1.12,0.95,1.06,1.13
2012,Estonia,Estonia,1.11,0.64,0.95,1.42,1.16,1.10
2012,Ethiopia,Ethiopia,-1.31,-1.56,-0.43,-1.05,-0.68,-0.60
2012,Finland,Finland,1.60,1.40,2.22,1.83,1.95,2.24
2012,Fiji,Fiji,-0.98,-0.07,-0.84,-0.58,-0.79,-0.11
2012,France,France,1.24,0.55,1.34,1.13,1.45,1.46
2012,"Micronesia, Fed. Sts.","Micronesia, Fed. Sts.",0.98,1.15,-0.64,-0.95,-0.02,-0.15
2012,Gabon,Gabon,-0.86,0.29,-0.90,-0.59,-0.47,-0.70
2012,United Kingdom,United Kingdom,1.34,0.40,1.55,1.65,1.72,1.67
2012,Georgia,Georgia,0.02,-0.68,0.61,0.69,-0.01,0.40
2012,Ghana,Ghana,0.43,0.13,-0.05,0.13,0.01,-0.13
2012,Guinea,Guinea,-1.01,-1.29,-1.27,-1.02,-1.41,-1.04
2012,Gambia,"Gambia, The",-1.29,0.00,-0.51,-0.23,-0.58,-0.64
2012,Guinea-Bissau,Guinea-Bissau,-1.33,-0.97,-1.23,-1.23,-1.52,-1.28
2012,Equatorial Guinea,Equatorial Guinea,-1.91,0.23,-1.61,-1.44,-1.30,-1.52
2012,Greece,Greece,0.70,-0.22,0.32,0.53,0.43,-0.19
2012,Grenada,Grenada,0.75,0.49,0.27,0.29,0.13,0.42
2012,Greenland,Greenland,1.29,1.93,1.00,1.38,1.72,1.22
2012,Guatemala,Guatemala,-0.36,-0.63,-0.76,-0.17,-1.08,-0.66
2012,French Guiana,French Guiana,1.12,0.22,1.15,1.27,1.16,1.10
2012,Guam,Guam,0.80,0.78,-0.04,0.60,1.10,0.79
2012,Guyana,Guyana,0.00,-0.50,-0.11,-0.62,-0.52,-0.75
2012,Hong Kong,"Hong Kong SAR, China",0.64,1.01,1.83,1.95,1.58,1.74
2012,Honduras,Honduras,-0.47,-0.35,-0.70,-0.19,-1.14,-0.95
2012,Croatia,Croatia,0.54,0.61,0.71,0.46,0.25,0.01
2012,Haiti,Haiti,-0.76,-0.79,-1.65,-0.94,-1.33,-1.24
2012,Hungary,Hungary,0.75,0.68,0.63,0.99,0.62,0.36
2012,Indonesia,Indonesia,0.07,-0.59,-0.27,-0.28,-0.58,-0.64
2012,India,India,0.40,-1.29,-0.17,-0.47,-0.07,-0.51
2012,Ireland,Ireland,1.32,0.94,1.55,1.57,1.73,1.46
2012,Iran,"Iran, Islamic Rep.",-1.60,-1.32,-0.53,-1.43,-0.92,-0.79
2012,Iraq,Iraq,-1.08,-1.93,-1.11,-1.25,-1.46,-1.22
2012,Iceland,Iceland,1.44,1.25,1.49,1.12,1.69,1.89
2012,Israel,Israel,0.64,-1.08,1.28,1.18,0.93,0.91
2012,Italy,Italy,0.92,0.51,0.42,0.75,0.40,0.07
2012,Jamaica,Jamaica,0.49,0.12,0.01,0.23,-0.38,-0.26
2012,Jordan,Jordan,-0.73,-0.52,-0.01,0.19,0.37,0.07
2012,Japan,Japan,1.10,0.95,1.42,1.14,1.36,1.63
2012,Kazakhstan,Kazakhstan,-1.18,-0.41,-0.44,-0.38,-0.68,-0.92
2012,Kenya,Kenya,-0.29,-1.32,-0.52,-0.30,-0.82,-1.09
2012,Kyrgyzstan,Kyrgyz Republic,-0.61,-0.91,-0.65,-0.33,-1.13,-1.15
2012,Cambodia,Cambodia,-0.96,-0.10,-0.82,-0.34,-0.98,-1.07
2012,Kiribati,Kiribati,0.77,1.29,-0.80,-1.33,0.14,0.01
2012,St. Kitts and Nevis,St. Kitts and Nevis,1.12,0.98,0.84,0.42,0.71,0.94
2012,South Korea,"Korea, Rep.",0.73,0.27,1.20,0.89,0.98,0.54
2012,Kuwait,Kuwait,-0.64,0.20,-0.07,-0.04,0.37,-0.19
2012,Laos,Lao PDR,-1.64,0.03,-0.84,-0.82,-0.85,-1.02
2012,Lebanon,Lebanon,-0.39,-1.66,-0.35,-0.12,-0.75,-0.87
2012,Liberia,Liberia,-0.31,-0.48,-1.17,-1.05,-0.89,-0.60
2012,Libya,Libya,-0.90,-1.59,-1.47,-1.66,-1.14,-1.36
2012,St. Lucia,St. Lucia,1.11,0.89,0.66,0.34,0.66,1.01
2012,Liechtenstein,Liechtenstein,1.51,1.39,1.79,1.56,1.60,1.80
2012,Sri Lanka,Sri Lanka,-0.58,-0.72,-0.21,-0.11,-0.12,-0.24
2012,Lesotho,Lesotho,0.07,0.27,-0.38,-0.52,-0.24,0.12
2012,Lithuania,Lithuania,0.93,0.79,0.83,1.12,0.85,0.39
2012,Luxembourg,Luxembourg,1.65,1.33,1.67,1.77,1.80,2.12
2012,Latvia,Latvia,0.78,0.45,0.84,1.02,0.79,0.25
2012,Kosovo,Kosovo,-0.22,-1.04,-0.35,-0.02,-0.53,-0.65
2012,Macao,"Macao SAR, China",-0.24,0.63,1.09,1.36,0.65,0.43
2012,Morocco,Morocco,-0.61,-0.47,-0.06,-0.08,-0.21,-0.44
2012,Monaco,Monaco,0.80,1.05,,,0.93,
2012,Moldova,Moldova,-0.03,0.05,-0.57,-0.10,-0.32,-0.61
2012,Madagascar,Madagascar,-0.88,-0.54,-1.09,-0.56,-0.91,-0.67
2012,Maldives,Maldives,-0.47,-0.37,-0.22,-0.38,-0.54,-0.70
2012,Mexico,Mexico,0.11,-0.66,0.34,0.48,-0.53,-0.41
2012,Marshall Islands,Marshall Islands,1.10,1.03,-1.44,-1.05,0.03,-0.26
2012,Macedonia,"Macedonia, FYR",-0.03,-0.49,-0.07,0.35,-0.22,-0.04
2012,Mali,Mali,-0.50,-2.03,-1.00,-0.41,-0.67,-0.83
2012,Malta,Malta,1.17,1.07,1.25,1.33,1.34,0.94
2012,Myanmar,Myanmar,-1.62,-0.94,-1.48,-1.83,-1.35,-1.06
2012,Mongolia,Mongolia,0.07,0.47,-0.64,-0.21,-0.38,-0.54
2012,Montenegro,Montenegro,0.22,0.60,0.13,0.02,0.02,-0.11
2012,Mozambique,Mozambique,-0.20,0.39,-0.63,-0.45,-0.59,-0.57
2012,Mauritania,Mauritania,-0.91,-1.13,-0.91,-0.64,-0.92,-0.78
2012,Martinique,Martinique,0.58,0.58,0.75,0.85,0.84,0.79
2012,Mauritius,Mauritius,0.88,0.97,0.98,0.99,0.97,0.30
2012,Malawi,Malawi,-0.21,0.00,-0.48,-0.70,-0.22,-0.47
2012,Malaysia,Malaysia,-0.35,-0.01,0.92,0.57,0.47,0.24
2012,Namibia,Namibia,0.38,0.98,0.14,0.08,0.25,0.34
2012,Niger,Niger,-0.28,-1.15,-0.68,-0.59,-0.65,-0.64
2012,Nigeria,Nigeria,-0.70,-2.04,-1.00,-0.71,-1.15,-1.17
2012,Nicaragua,Nicaragua,-0.54,-0.35,-0.89,-0.30,-0.73,-0.77
2012,Niue,Niue,-0.48,,-1.00,-0.91,-0.78,-0.44
2012,Netherlands,Netherlands,1.61,1.19,1.81,1.75,1.86,2.12
2012,Norway,Norway,1.73,1.33,1.91,1.55,1.96,2.26
2012,Nepal,Nepal,-0.64,-1.38,-0.98,-0.80,-0.74,-0.81
2012,Nauru,Nauru,1.10,1.03,-0.56,-1.19,0.73,-0.02
2012,New Zealand,New Zealand,1.62,1.36,1.80,1.85,1.89,2.32
2012,Oman,Oman,-1.02,0.46,0.26,0.47,0.52,0.18
2012,Pakistan,Pakistan,-0.84,-2.68,-0.78,-0.72,-0.88,-1.06
2012,Panama,Panama,0.47,-0.18,0.29,0.38,-0.19,-0.36
2012,Palau,Palau,1.21,1.03,-0.56,-0.99,0.90,-0.43
2012,Peru,Peru,0.11,-0.91,-0.14,0.49,-0.57,-0.37
2012,Philippines,Philippines,-0.03,-1.19,0.11,-0.06,-0.52,-0.56
2012,Papua New Guinea,Papua New Guinea,-0.06,-0.59,-0.74,-0.51,-0.84,-0.94
2012,Poland,Poland,1.06,1.05,0.68,0.96,0.78,0.66
2012,Puerto Rico,Puerto Rico,0.69,0.58,0.40,0.92,0.80,0.54
2012,North Korea,"Korea, Dem. Rep.",-2.24,-0.01,-1.91,-2.53,-1.35,-1.28
2012,Portugal,Portugal,1.03,0.78,1.04,0.83,1.07,0.96
2012,Paraguay,Paraguay,-0.11,-0.87,-0.89,-0.32,-0.85,-0.86
2012,Qatar,Qatar,-0.92,1.22,0.94,0.80,0.96,1.06
2012,Reunion,Réunion,1.25,0.43,1.01,1.09,0.84,0.79
2012,Romania,Romania,0.32,0.08,-0.31,0.55,0.04,-0.26
2012,Russia,Russian Federation,-0.98,-0.82,-0.42,-0.34,-0.82,-1.04
2012,Rwanda,Rwanda,-1.28,-0.23,-0.05,-0.10,-0.27,0.56
2012,Samoa,Samoa,0.35,1.00,-0.02,-0.33,0.68,0.11
2012,Saudi Arabia,Saudi Arabia,-1.87,-0.48,0.03,0.10,0.15,-0.04
2012,Sudan,Sudan,-1.77,-2.26,-1.42,-1.49,-1.23,-1.49
2012,Senegal,Senegal,0.00,-0.11,-0.47,-0.08,-0.29,-0.26
2012,Singapore,Singapore,0.05,1.37,2.17,1.97,1.73,2.12
2012,Solomon Islands,Solomon Islands,-0.03,0.19,-0.81,-1.04,-0.54,-0.36
2012,Sierra Leone,Sierra Leone,-0.32,-0.28,-1.23,-0.70,-0.85,-0.95
2012,El Salvador,El Salvador,-0.04,0.23,-0.13,0.33,-0.70,-0.41
2012,San Marino,San Marino,1.21,1.03,,,0.93,
2012,Somalia,Somalia,-2.20,-2.86,-2.20,-2.25,-2.42,-1.59
2012,Sao Tome and Principe,São Tomé and Principe,0.18,0.01,-0.68,-0.78,-0.75,-0.18
2012,Suriname,Suriname,0.34,0.08,-0.01,-0.47,-0.06,-0.33
2012,Slovakia,Slovak Republic,0.97,1.09,0.84,1.05,0.49,0.10
2012,Slovenia,Slovenia,1.00,0.94,1.03,0.63,1.01,0.84
2012,Sweden,Sweden,1.69,1.17,1.96,1.91,1.95,2.31
2012,Swaziland,Swaziland,-1.28,-0.41,-0.53,-0.55,-0.49,-0.41
2012,Seychelles,Seychelles,0.05,0.74,0.40,-0.28,-0.01,0.42
2012,Syria,Syrian Arab Republic,-1.84,-2.68,-1.15,-1.53,-1.13,-1.21
2012,Chad,Chad,-1.34,-1.04,-1.49,-1.07,-1.47,-1.31
2012,Togo,Togo,-1.00,-0.39,-1.31,-0.84,-0.93,-1.00
2012,Thailand,Thailand,-0.32,-1.22,0.22,0.24,-0.15,-0.37
2012,Tajikistan,Tajikistan,-1.42,-1.24,-0.93,-1.00,-1.20,-1.28
2012,Turkmenistan,Turkmenistan,-2.25,0.43,-1.26,-2.07,-1.40,-1.43
2012,Timor-Leste,Timor-Leste,0.10,-0.28,-1.18,-1.02,-1.14,-0.74
2012,Tonga,Tonga,0.34,0.89,-0.41,-0.63,-0.04,-0.32
2012,Trinidad and Tobago,Trinidad and Tobago,0.50,0.10,0.41,0.24,-0.14,-0.16
2012,Tunisia,Tunisia,-0.17,-0.72,-0.03,-0.19,-0.13,-0.06
2012,Turkey,Turkey,-0.21,-1.22,0.41,0.42,0.04,0.16
2012,Tuvalu,Tuvalu,0.66,1.29,-0.69,-1.23,0.46,-0.35
2012,Taiwan,"Taiwan, China",0.85,0.89,1.15,1.19,1.05,0.72
2012,Tanzania,Tanzania,-0.18,0.05,-0.69,-0.39,-0.53,-0.76
2012,Uganda,Uganda,-0.49,-0.87,-0.57,-0.24,-0.35,-0.99
2012,Ukraine,Ukraine,-0.28,-0.09,-0.58,-0.60,-0.78,-1.08
2012,Uruguay,Uruguay,1.06,0.71,0.44,0.44,0.59,1.36
2012,United States,United States,1.16,0.63,1.53,1.30,1.63,1.41
2012,Uzbekistan,Uzbekistan,-2.03,-0.52,-0.91,-1.58,-1.29,-1.30
2012,St. Vincent and the Grenadines,St. Vincent and the Grenadines,1.02,0.93,0.84,0.38,0.91,0.94
2012,Venezuela,"Venezuela, RB",-0.91,-1.03,-1.15,-1.52,-1.69,-1.27
2012,Virgin Islands (U.S.),Virgin Islands (U.S.),0.80,0.68,1.27,0.60,0.84,0.79
2012,Vietnam,Vietnam,-1.42,0.27,-0.27,-0.67,-0.55,-0.53
2012,Vanuatu,Vanuatu,0.40,1.20,-0.22,-0.73,0.28,0.34
2012,West Bank and Gaza,West Bank and Gaza,-0.94,-1.96,-0.71,0.08,-0.44,-0.25
2012,"Jersey, Channel Islands","Jersey, Channel Islands",1.29,1.48,1.45,1.16,1.72,1.22
2012,Yemen,"Yemen, Rep.",-1.35,-2.43,-1.27,-0.69,-1.27,-1.25
2012,Serbia,Serbia,0.20,-0.22,-0.10,-0.06,-0.36,-0.33
2012,South Africa,South Africa,0.58,-0.03,0.35,0.38,0.11,-0.12
2012,DR Congo,"Congo, Dem. Rep.",-1.48,-2.09,-1.65,-1.49,-1.66,-1.31
2012,Zambia,Zambia,-0.13,0.66,-0.48,-0.43,-0.37,-0.28
2012,Zimbabwe,Zimbabwe,-1.47,-0.78,-1.34,-1.89,-1.63,-1.37
2013,Aruba,Aruba,1.28,1.31,1.23,1.43,1.30,1.13
2013,Andorra,Andorra,1.41,1.28,1.54,1.57,1.41,1.26
2013,Afghanistan,Afghanistan,-1.24,-2.52,-1.38,-1.19,-1.60,-1.44
2013,Angola,Angola,-1.11,-0.39,-1.22,-1.05,-1.27,-1.31
2013,Anguilla,Anguilla,1.00,1.53,1.54,1.33,1.37,1.26
2013,Albania,Albania,0.05,0.09,-0.32,0.21,-0.52,-0.70
2013,Netherlands Antilles (former),Netherlands Antilles (former),0.34,0.68,0.75,0.85,0.85,0.79
2013,United Arab Emirates,United Arab Emirates,-1.02,0.89,1.18,0.78,0.62,1.28
2013,Argentina,Argentina,0.28,0.07,-0.28,-0.96,-0.71,-0.43
2013,Armenia,Armenia,-0.59,0.11,0.07,0.25,-0.34,-0.53
2013,American Samoa,American Samoa,1.00,0.93,0.49,0.37,1.11,0.31
2013,Antigua and Barbuda,Antigua and Barbuda,0.62,0.96,0.49,0.61,0.84,1.26
2013,Australia,Australia,1.44,1.03,1.64,1.80,1.78,1.79
2013,Austria,Austria,1.46,1.36,1.59,1.49,1.85,1.55
2013,Azerbaijan,Azerbaijan,-1.40,-0.41,-0.48,-0.41,-0.72,-0.97
2013,Burundi,Burundi,-0.95,-1.35,-1.06,-0.88,-1.07,-1.41
2013,Belgium,Belgium,1.37,0.94,1.61,1.29,1.44,1.67
2013,Benin,Benin,0.16,0.30,-0.49,-0.40,-0.57,-0.74
2013,Burkina Faso,Burkina Faso,-0.26,-0.76,-0.66,-0.17,-0.53,-0.52
2013,Bangladesh,Bangladesh,-0.41,-1.63,-0.79,-0.91,-0.87,-0.89
2013,Bulgaria,Bulgaria,0.34,0.17,0.16,0.54,-0.10,-0.27
2013,Bahrain,Bahrain,-1.32,-1.34,0.59,0.61,0.33,0.43
2013,Bahamas,"Bahamas, The",0.92,1.13,0.87,0.19,0.64,1.34
2013,Bosnia and Herzegovina,Bosnia and Herzegovina,-0.12,-0.40,-0.43,-0.07,-0.15,-0.24
2013,Belarus,Belarus,-1.54,0.01,-0.90,-1.07,-0.90,-0.47
2013,Belize,Belize,0.71,0.18,-0.33,-0.48,-0.47,-0.10
2013,Bermuda,Bermuda,1.00,0.97,1.01,1.33,1.11,1.26
2013,Bolivia,Bolivia,-0.07,-0.33,-0.39,-0.78,-1.05,-0.59
2013,Brazil,Brazil,0.42,-0.26,-0.09,0.07,-0.08,-0.08
2013,Barbados,Barbados,1.14,1.27,1.36,0.46,1.05,1.62
2013,Brunei,Brunei Darussalam,-0.51,1.07,0.87,1.11,0.59,0.65
2013,Bhutan,Bhutan,-0.16,0.78,0.40,-1.08,0.29,0.90
2013,South Sudan,South Sudan,-1.44,-1.73,-1.68,-1.53,-1.51,-1.38
2013,Botswana,Botswana,0.49,1.10,0.41,0.58,0.60,0.92
2013,Central African Republic,Central African Republic,-1.47,-2.15,-1.61,-1.17,-1.79,-1.09
2013,Canada,Canada,1.45,1.06,1.79,1.74,1.76,1.89
2013,Switzerland,Switzerland,1.63,1.40,1.82,1.63,1.80,2.13
2013,Chile,Chile,1.11,0.36,1.26,1.49,1.37,1.54
2013,China,China,-1.63,-0.54,0.00,-0.29,-0.52,-0.36
2013,Cote d'Ivoire,Côte d'Ivoire,-0.75,-1.05,-0.93,-0.74,-0.91,-0.74
2013,Cameroon,Cameroon,-1.04,-0.53,-0.92,-0.94,-1.05,-1.21
2013,Congo,"Congo, Rep.",-1.12,-0.48,-1.16,-1.33,-1.11,-1.15
2013,Cook Islands,Cook Islands,-0.46,,-0.99,-1.16,-0.93,-0.22
2013,Colombia,Colombia,-0.08,-1.29,0.07,0.40,-0.41,-0.41
2013,Comoros,Comoros,-0.46,-0.26,-1.59,-1.20,-0.94,-0.74
2013,Cape Verde,Cape Verde,0.92,0.78,0.10,-0.10,0.54,0.84
2013,Costa Rica,Costa Rica,1.08,0.68,0.48,0.58,0.55,0.63
2013,Cuba,Cuba,-1.48,0.37,-0.44,-1.58,-0.70,0.12
2013,Cayman Islands,Cayman Islands,0.55,1.02,1.23,1.12,0.90,1.36
2013,Cyprus,Cyprus,0.98,0.56,1.37,0.92,1.04,1.25
2013,Czech Republic,Czech Republic,0.98,1.08,0.89,1.09,1.04,0.23
2013,Germany,Germany,1.41,0.93,1.54,1.55,1.65,1.81
2013,Djibouti,Djibouti,-1.47,-0.10,-0.96,-0.52,-0.77,-0.54
2013,Dominica,Dominica,0.97,1.12,0.71,0.31,0.65,0.67
2013,Denmark,Denmark,1.67,0.96,1.99,1.81,1.90,2.40
2013,Dominican Republic,Dominican Republic,0.12,0.21,-0.47,-0.07,-0.53,-0.87
2013,Algeria,Algeria,-0.89,-1.20,-0.53,-1.17,-0.69,-0.47
2013,Ecuador,Ecuador,-0.25,-0.18,-0.50,-0.93,-0.97,-0.57
2013,Egypt,"Egypt, Arab Rep.",-1.05,-1.64,-0.88,-0.64,-0.63,-0.63
2013,Eritrea,Eritrea,-2.20,-0.77,-1.52,-2.23,-1.41,-0.90
2013,Spain,Spain,0.99,0.01,1.15,0.94,1.02,0.90
2013,Estonia,Estonia,1.12,0.75,0.97,1.45,1.20,1.19
2013,Ethiopia,Ethiopia,-1.31,-1.41,-0.61,-1.12,-0.65,-0.49
2013,Finland,Finland,1.57,1.39,2.17,1.85,1.94,2.20
2013,Fiji,Fiji,-0.91,-0.05,-0.84,-0.55,-0.82,-0.12
2013,France,France,1.22,0.45,1.48,1.16,1.43,1.33
2013,"Micronesia, Fed. Sts.","Micronesia, Fed. Sts.",1.00,1.10,-0.57,-0.94,0.07,-0.20
2013,Gabon,Gabon,-0.86,0.33,-0.83,-0.64,-0.54,-0.66
2013,United Kingdom,United Kingdom,1.33,0.49,1.50,1.77,1.71,1.70
2013,Georgia,Georgia,0.14,-0.44,0.59,0.76,-0.01,0.47
2013,Ghana,Ghana,0.44,0.06,-0.10,0.08,0.15,-0.10
2013,Guinea,Guinea,-1.02,-1.23,-1.17,-1.00,-1.38,-1.04
2013,Gambia,"Gambia, The",-1.26,-0.05,-0.71,-0.36,-0.64,-0.70
2013,Guinea-Bissau,Guinea-Bissau,-1.34,-0.90,-1.43,-1.26,-1.59,-1.33
2013,Equatorial Guinea,Equatorial Guinea,-1.97,0.12,-1.54,-1.43,-1.35,-1.59
2013,Greece,Greece,0.69,-0.17,0.46,0.63,0.47,-0.05
2013,Grenada,Grenada,0.77,0.43,0.23,0.28,0.13,0.42
2013,Greenland,Greenland,1.28,1.93,0.94,1.40,1.70,1.24
2013,Guatemala,Guatemala,-0.37,-0.67,-0.70,-0.20,-1.08,-0.62
2013,French Guiana,French Guiana,1.15,0.22,1.10,1.29,1.13,1.13
2013,Guam,Guam,0.78,0.80,-0.03,0.61,1.11,0.79
2013,Guyana,Guyana,0.02,-0.46,-0.12,-0.60,-0.53,-0.65
2013,Hong Kong,"Hong Kong SAR, China",0.73,0.92,1.75,1.93,1.57,1.64
2013,Honduras,Honduras,-0.47,-0.44,-0.73,-0.19,-1.16,-0.95
2013,Croatia,Croatia,0.51,0.64,0.70,0.46,0.29,0.12
2013,Haiti,Haiti,-0.75,-0.63,-1.58,-0.93,-1.29,-1.13
2013,Hungary,Hungary,0.74,0.80,0.65,0.91,0.58,0.32
2013,Indonesia,Indonesia,0.04,-0.52,-0.20,-0.20,-0.53,-0.61
2013,India,India,0.43,-1.23,-0.17,-0.47,-0.06,-0.52
2013,Ireland,Ireland,1.31,0.90,1.49,1.58,1.73,1.54
2013,Iran,"Iran, Islamic Rep.",-1.61,-1.25,-0.68,-1.49,-1.00,-0.69
2013,Iraq,Iraq,-1.06,-2.01,-1.10,-1.24,-1.45,-1.28
2013,Iceland,Iceland,1.44,1.29,1.49,1.14,1.66,1.91
2013,Israel,Israel,0.65,-1.10,1.25,1.17,0.98,0.91
2013,Italy,Italy,0.95,0.50,0.46,0.78,0.40,0.05
2013,Jamaica,Jamaica,0.54,0.18,0.04,0.23,-0.35,-0.28
2013,Jordan,Jordan,-0.81,-0.61,-0.05,0.14,0.39,0.07
2013,Japan,Japan,1.11,1.02,1.62,1.12,1.44,1.66
2013,Kazakhstan,Kazakhstan,-1.24,-0.40,-0.53,-0.37,-0.69,-0.93
2013,Kenya,Kenya,-0.21,-1.17,-0.46,-0.30,-0.71,-1.03
2013,Kyrgyzstan,Kyrgyz Republic,-0.54,-0.91,-0.65,-0.31,-1.11,-1.16
2013,Cambodia,Cambodia,-0.98,-0.14,-0.91,-0.34,-1.00,-1.05
2013,Kiribati,Kiribati,0.81,1.28,-0.77,-1.35,0.18,-0.04
2013,St. Kitts and Nevis,St. Kitts and Nevis,1.12,0.96,0.89,0.43,0.72,0.94
2013,South Korea,"Korea, Rep.",0.71,0.28,1.13,0.99,0.95,0.61
2013,Kuwait,Kuwait,-0.66,0.17,-0.07,-0.07,0.37,-0.19
2013,Laos,Lao PDR,-1.65,0.07,-0.73,-0.84,-0.80,-0.93
2013,Lebanon,Lebanon,-0.40,-1.69,-0.40,-0.08,-0.78,-0.92
2013,Liberia,Liberia,-0.39,-0.48,-1.38,-0.91,-0.88,-0.71
2013,Libya,Libya,-0.97,-1.84,-1.47,-1.86,-1.34,-1.48
2013,St. Lucia,St. Lucia,1.11,0.85,0.71,0.32,0.70,1.04
2013,Liechtenstein,Liechtenstein,1.49,1.40,1.75,1.58,1.59,1.84
2013,Sri Lanka,Sri Lanka,-0.59,-0.61,-0.17,-0.15,-0.28,-0.21
2013,Lesotho,Lesotho,0.12,0.34,-0.42,-0.35,-0.20,0.28
2013,Lithuania,Lithuania,0.94,0.96,0.83,1.15,0.84,0.43
2013,Luxembourg,Luxembourg,1.63,1.34,1.63,1.78,1.82,2.12
2013,Latvia,Latvia,0.77,0.59,0.89,1.04,0.77,0.33
2013,Kosovo,Kosovo,-0.25,-0.97,-0.38,-0.02,-0.55,-0.65
2013,Macao,"Macao SAR, China",-0.27,0.76,1.06,1.35,0.64,0.55
2013,Morocco,Morocco,-0.70,-0.49,-0.04,-0.12,-0.25,-0.37
2013,Monaco,Monaco,0.82,1.06,,,0.94,
2013,Moldova,Moldova,-0.07,0.00,-0.41,-0.07,-0.37,-0.75
2013,Madagascar,Madagascar,-0.76,-0.66,-1.13,-0.65,-0.91,-0.75
2013,Maldives,Maldives,-0.46,0.13,-0.32,-0.43,-0.75,-0.75
2013,Mexico,Mexico,0.11,-0.71,0.35,0.47,-0.54,-0.51
2013,Marshall Islands,Marshall Islands,1.19,1.05,-1.57,-1.09,0.13,-0.04
2013,Macedonia,"Macedonia, FYR",-0.06,-0.42,-0.05,0.33,-0.20,-0.05
2013,Mali,Mali,-0.28,-1.72,-0.90,-0.50,-0.75,-0.79
2013,Malta,Malta,1.16,1.04,1.26,1.30,1.33,0.98
2013,Myanmar,Myanmar,-1.46,-1.14,-1.50,-1.49,-1.23,-1.00
2013,Mongolia,Mongolia,0.11,0.49,-0.55,-0.32,-0.37,-0.48
2013,Montenegro,Montenegro,0.18,0.50,0.16,0.07,0.05,-0.25
2013,Mozambique,Mozambique,-0.26,-0.23,-0.61,-0.40,-0.82,-0.60
2013,Mauritania,Mauritania,-0.96,-1.01,-1.00,-0.65,-1.00,-0.83
2013,Martinique,Martinique,0.56,0.63,0.75,0.85,0.85,0.79
2013,Mauritius,Mauritius,0.93,0.94,0.88,0.94,0.95,0.29
2013,Malawi,Malawi,-0.18,-0.21,-0.48,-0.69,-0.16,-0.61
2013,Malaysia,Malaysia,-0.34,0.05,1.00,0.64,0.44,0.35
2013,Namibia,Namibia,0.40,0.96,0.19,0.09,0.27,0.33
2013,Niger,Niger,-0.31,-1.32,-0.72,-0.56,-0.66,-0.61
2013,Nigeria,Nigeria,-0.69,-2.09,-0.99,-0.66,-1.11,-1.22
2013,Nicaragua,Nicaragua,-0.46,-0.25,-0.82,-0.29,-0.67,-0.74
2013,Niue,Niue,-0.46,,-0.99,-0.92,-0.79,-0.42
2013,Netherlands,Netherlands,1.57,1.14,1.78,1.77,1.84,2.05
2013,Norway,Norway,1.74,1.35,1.88,1.67,1.98,2.29
2013,Nepal,Nepal,-0.53,-1.13,-0.93,-0.85,-0.72,-0.69
2013,Nauru,Nauru,1.06,1.05,-0.58,-1.38,0.62,-0.64
2013,New Zealand,New Zealand,1.61,1.45,1.76,1.83,1.88,2.34
2013,Oman,Oman,-1.04,0.46,0.21,0.48,0.49,0.16
2013,Pakistan,Pakistan,-0.80,-2.60,-0.79,-0.70,-0.86,-0.96
2013,Panama,Panama,0.42,-0.14,0.29,0.36,-0.22,-0.35
2013,Palau,Palau,1.21,1.05,-0.58,-0.99,0.90,-0.64
2013,Peru,Peru,0.08,-0.81,-0.11,0.46,-0.57,-0.42
2013,Philippines,Philippines,0.01,-1.08,0.12,-0.07,-0.40,-0.38
2013,Papua New Guinea,Papua New Guinea,0.00,-0.52,-0.66,-0.51,-0.95,-0.96
2013,Poland,Poland,1.00,0.97,0.72,1.05,0.82,0.60
2013,Puerto Rico,Puerto Rico,0.68,0.25,0.36,0.85,0.67,0.47
2013,North Korea,"Korea, Dem. Rep.",-2.25,-0.44,-1.90,-2.53,-1.38,-1.28
2013,Portugal,Portugal,1.07,0.75,1.23,0.80,1.06,0.95
2013,Paraguay,Paraguay,-0.10,-0.74,-0.87,-0.31,-0.81,-1.04
2013,Qatar,Qatar,-0.98,1.21,1.06,0.75,0.96,1.11
2013,Reunion,Réunion,1.23,0.42,1.01,1.09,0.85,0.79
2013,Romania,Romania,0.31,0.18,-0.07,0.61,0.13,-0.19
2013,Russia,Russian Federation,-1.02,-0.74,-0.35,-0.35,-0.78,-1.01
2013,Rwanda,Rwanda,-1.21,-0.11,0.02,0.01,-0.15,0.63
2013,Samoa,Samoa,0.40,0.99,0.02,-0.25,0.68,0.15
2013,Saudi Arabia,Saudi Arabia,-1.88,-0.43,0.07,0.08,0.16,-0.02
2013,Sudan,Sudan,-1.78,-2.19,-1.49,-1.45,-1.27,-1.47
2013,Senegal,Senegal,0.06,-0.06,-0.42,-0.05,-0.24,-0.19
2013,Singapore,Singapore,0.04,1.38,2.09,1.97,1.71,2.08
2013,Solomon Islands,Solomon Islands,0.00,0.30,-0.82,-1.10,-0.53,-0.40
2013,Sierra Leone,Sierra Leone,-0.34,-0.17,-1.23,-0.71,-0.86,-0.91
2013,El Salvador,El Salvador,-0.01,-0.03,-0.12,0.31,-0.62,-0.35
2013,San Marino,San Marino,1.20,1.05,,,0.94,
2013,Somalia,Somalia,-2.17,-2.76,-2.22,-2.22,-2.40,-1.58
2013,Sao Tome and Principe,São Tomé and Principe,0.14,0.11,-0.73,-0.79,-0.77,-0.18
2013,Suriname,Suriname,0.36,0.13,-0.02,-0.44,-0.05,-0.28
2013,Slovakia,Slovak Republic,0.96,1.12,0.79,0.93,0.48,0.08
2013,Slovenia,Slovenia,1.00,0.88,1.01,0.63,1.00,0.73
2013,Sweden,Sweden,1.66,1.13,1.91,1.91,1.97,2.29
2013,Swaziland,Swaziland,-1.26,-0.43,-0.45,-0.35,-0.46,-0.41
2013,Seychelles,Seychelles,0.02,0.83,0.38,-0.28,0.07,0.44
2013,Syria,Syrian Arab Republic,-1.83,-2.68,-1.40,-1.55,-1.41,-1.26
2013,Chad,Chad,-1.37,-1.09,-1.39,-0.99,-1.38,-1.35
2013,Togo,Togo,-0.90,-0.35,-1.29,-0.92,-0.97,-1.03
2013,Thailand,Thailand,-0.43,-1.31,0.25,0.23,-0.12,-0.34
2013,Tajikistan,Tajikistan,-1.50,-1.18,-1.06,-1.06,-1.25,-1.28
2013,Turkmenistan,Turkmenistan,-2.22,0.25,-1.28,-2.09,-1.39,-1.41
2013,Timor-Leste,Timor-Leste,0.09,-0.38,-1.23,-0.98,-1.21,-0.68
2013,Tonga,Tonga,0.46,0.94,-0.40,-0.63,-0.01,-0.28
2013,Trinidad and Tobago,Trinidad and Tobago,0.48,0.09,0.36,0.27,-0.17,-0.22
2013,Tunisia,Tunisia,-0.08,-0.90,-0.07,-0.33,-0.19,-0.07
2013,Turkey,Turkey,-0.25,-1.25,0.38,0.43,0.07,0.09
2013,Tuvalu,Tuvalu,0.71,1.28,-0.66,-1.30,0.49,-0.40
2013,Taiwan,"Taiwan, China",0.89,0.87,1.21,1.14,1.05,0.68
2013,Tanzania,Tanzania,-0.20,-0.16,-0.71,-0.33,-0.47,-0.77
2013,Uganda,Uganda,-0.55,-0.84,-0.59,-0.24,-0.34,-1.04
2013,Ukraine,Ukraine,-0.32,-0.78,-0.65,-0.62,-0.80,-1.13
2013,Uruguay,Uruguay,1.09,0.80,0.45,0.54,0.56,1.38
2013,United States,United States,1.10,0.64,1.52,1.27,1.56,1.31
2013,Uzbekistan,Uzbekistan,-1.97,-0.54,-0.91,-1.60,-1.23,-1.26
2013,St. Vincent and the Grenadines,St. Vincent and the Grenadines,1.03,0.85,0.89,0.35,0.88,0.94
2013,Venezuela,"Venezuela, RB",-0.95,-1.08,-1.17,-1.63,-1.82,-1.31
2013,Virgin Islands (U.S.),Virgin Islands (U.S.),0.78,0.85,1.28,0.61,0.85,0.79
2013,Vietnam,Vietnam,-1.37,0.25,-0.27,-0.64,-0.51,-0.48
2013,Vanuatu,Vanuatu,0.44,1.16,-0.21,-0.52,0.31,0.29
2013,West Bank and Gaza,West Bank and Gaza,-0.93,-1.78,-0.73,0.12,-0.40,-0.25
2013,"Jersey, Channel Islands","Jersey, Channel Islands",1.28,1.49,1.38,1.19,1.70,1.24
2013,Yemen,"Yemen, Rep.",-1.33,-2.37,-1.22,-0.73,-1.18,-1.25
2013,Serbia,Serbia,0.29,-0.08,-0.09,-0.06,-0.33,-0.30
2013,South Africa,South Africa,0.60,-0.05,0.44,0.42,0.16,-0.07
2013,DR Congo,"Congo, Dem. Rep.",-1.46,-2.19,-1.48,-1.23,-1.57,-1.32
2013,Zambia,Zambia,-0.11,0.44,-0.49,-0.47,-0.27,-0.31
2013,Zimbabwe,Zimbabwe,-1.39,-0.67,-1.28,-1.84,-1.58,-1.40
2014,Aruba,Aruba,1.28,1.16,0.89,1.25,1.04,1.02
2014,Andorra,Andorra,1.17,1.29,1.72,0.89,1.64,1.23
2014,Afghanistan,Afghanistan,-1.14,-2.41,-1.33,-1.12,-1.45,-1.35
2014,Angola,Angola,-1.15,-0.33,-1.12,-0.99,-1.12,-1.44
2014,Anguilla,Anguilla,,1.16,0.95,0.89,0.02,1.23
2014,Albania,Albania,0.14,0.49,-0.09,0.22,-0.34,-0.55
2014,Netherlands Antilles (former),Netherlands Antilles (former),,,,,,
2014,United Arab Emirates,United Arab Emirates,-1.06,0.77,1.44,0.99,0.65,1.20
2014,Argentina,Argentina,0.35,-0.01,-0.16,-1.07,-0.89,-0.54
2014,Armenia,Armenia,-0.56,-0.30,-0.20,0.21,-0.37,-0.52
2014,American Samoa,American Samoa,,1.08,0.44,0.18,1.41,1.23
2014,Antigua and Barbuda,Antigua and Barbuda,0.56,0.98,-0.07,0.53,-0.18,0.64
2014,Australia,Australia,1.36,1.03,1.61,1.86,1.92,1.85
2014,Austria,Austria,1.39,1.27,1.57,1.49,1.95,1.47
2014,Azerbaijan,Azerbaijan,-1.48,-0.56,-0.36,-0.28,-0.67,-1.02
2014,Burundi,Burundi,-1.04,-0.78,-1.13,-0.71,-0.97,-1.26
2014,Belgium,Belgium,1.37,0.70,1.38,1.16,1.52,1.57
2014,Benin,Benin,0.27,0.03,-0.46,-0.59,-0.49,-0.67
2014,Burkina Faso,Burkina Faso,-0.35,-0.79,-0.58,-0.31,-0.55,-0.46
2014,Bangladesh,Bangladesh,-0.47,-0.90,-0.77,-0.94,-0.78,-0.89
2014,Bulgaria,Bulgaria,0.37,0.08,0.08,0.57,-0.05,-0.25
2014,Bahrain,Bahrain,-1.31,-0.91,0.57,0.71,0.41,0.28
2014,Bahamas,"Bahamas, The",1.05,0.96,0.73,0.17,0.67,1.31
2014,Bosnia and Herzegovina,Bosnia and Herzegovina,-0.07,-0.02,-0.45,-0.09,-0.19,-0.31
2014,Belarus,Belarus,-1.44,0.18,-0.49,-1.01,-0.84,-0.30
2014,Belize,Belize,0.52,0.05,-0.66,-0.50,-0.75,-0.20
2014,Bermuda,Bermuda,,0.91,0.95,0.89,0.02,1.23
2014,Bolivia,Bolivia,-0.03,-0.33,-0.59,-0.87,-1.06,-0.63
2014,Brazil,Brazil,0.47,-0.07,-0.14,-0.08,-0.05,-0.34
2014,Barbados,Barbados,1.15,1.28,1.20,0.34,1.08,1.14
2014,Brunei,Brunei Darussalam,-0.63,1.26,1.09,0.99,0.47,0.53
2014,Bhutan,Bhutan,-0.10,1.07,0.26,-1.00,0.38,1.28
2014,South Sudan,South Sudan,-1.62,-2.65,-2.07,-1.67,-1.82,-1.59
2014,Botswana,Botswana,0.44,1.01,0.35,0.59,0.63,0.85
2014,Central African Republic,Central African Republic,-1.39,-2.70,-1.85,-1.39,-1.70,-1.16
2014,Canada,Canada,1.41,1.18,1.76,1.85,1.89,1.84
2014,Switzerland,Switzerland,1.56,1.40,2.11,1.81,1.99,2.15
2014,Chile,Chile,1.06,0.45,1.16,1.49,1.43,1.49
2014,China,China,-1.62,-0.52,0.32,-0.28,-0.41,-0.34
2014,Cote d'Ivoire,Côte d'Ivoire,-0.51,-1.04,-0.83,-0.59,-0.59,-0.42
2014,Cameroon,Cameroon,-0.94,-1.06,-0.79,-0.88,-0.90,-1.16
2014,Congo,"Congo, Rep.",-1.11,-0.36,-1.11,-1.21,-1.11,-1.18
2014,Cook Islands,Cook Islands,,,,,,
2014,Colombia,Colombia,-0.04,-1.11,-0.10,0.50,-0.29,-0.37
2014,Comoros,Comoros,-0.29,-0.19,-1.67,-1.10,-0.89,-0.61
2014,Cape Verde,Cape Verde,0.96,0.35,0.07,-0.18,0.63,0.94
2014,Costa Rica,Costa Rica,1.14,0.58,0.40,0.51,0.56,0.76
2014,Cuba,Cuba,-1.54,0.54,-0.05,-1.33,-0.66,0.07
2014,Cayman Islands,Cayman Islands,0.47,1.05,1.18,0.85,0.59,1.02
2014,Cyprus,Cyprus,1.02,0.55,1.14,1.10,1.08,1.08
2014,Czech Republic,Czech Republic,1.03,0.99,1.02,1.01,1.15,0.37
2014,Germany,Germany,1.44,0.93,1.73,1.70,1.86,1.84
2014,Djibouti,Djibouti,-1.43,-0.77,-0.97,-0.53,-0.87,-0.60
2014,Dominica,Dominica,1.07,1.06,0.08,0.27,0.49,0.62
2014,Denmark,Denmark,1.52,0.95,1.82,1.69,2.10,2.25
2014,Dominican Republic,Dominican Republic,0.19,0.15,-0.44,-0.04,-0.41,-0.82
2014,Algeria,Algeria,-0.82,-1.19,-0.48,-1.28,-0.77,-0.60
2014,Ecuador,Ecuador,-0.20,-0.02,-0.47,-1.01,-1.06,-0.75
2014,Egypt,"Egypt, Arab Rep.",-1.18,-1.63,-0.82,-0.76,-0.66,-0.62
2014,Eritrea,Eritrea,-2.11,-0.81,-1.61,-2.13,-1.53,-0.89
2014,Spain,Spain,0.99,0.24,1.16,0.75,0.95,0.63
2014,Estonia,Estonia,1.17,0.78,1.02,1.68,1.37,1.30
2014,Ethiopia,Ethiopia,-1.28,-1.34,-0.42,-1.07,-0.47,-0.44
2014,Finland,Finland,1.54,1.28,2.00,1.88,2.10,2.17
2014,Fiji,Fiji,-0.18,0.55,-0.37,-0.38,-0.51,0.18
2014,France,France,1.22,0.30,1.40,1.08,1.47,1.31
2014,"Micronesia, Fed. Sts.","Micronesia, Fed. Sts.",1.11,0.98,-0.50,-1.03,-0.28,0.77
2014,Gabon,Gabon,-0.87,0.15,-0.64,-0.79,-0.51,-0.69
2014,United Kingdom,United Kingdom,1.28,0.42,1.63,1.83,1.89,1.74
2014,Georgia,Georgia,0.28,-0.32,0.49,0.93,0.19,0.79
2014,Ghana,Ghana,0.46,-0.11,-0.28,-0.01,0.05,-0.19
2014,Guinea,Guinea,-0.86,-0.96,-1.23,-1.06,-1.36,-1.06
2014,Gambia,"Gambia, The",-1.27,-0.15,-0.67,-0.46,-0.69,-0.69
2014,Guinea-Bissau,Guinea-Bissau,-0.85,-0.71,-1.58,-1.19,-1.33,-1.54
2014,Equatorial Guinea,Equatorial Guinea,-1.98,-0.37,-1.50,-1.36,-1.45,-1.77
2014,Greece,Greece,0.62,-0.14,0.40,0.33,0.36,-0.12
2014,Grenada,Grenada,0.91,0.77,-0.11,0.19,-0.17,0.25
2014,Greenland,Greenland,1.28,1.92,0.92,1.38,1.74,1.21
2014,Guatemala,Guatemala,-0.34,-0.66,-0.73,-0.19,-0.96,-0.74
2014,French Guiana,French Guiana,1.28,0.53,1.13,1.46,1.07,1.02
2014,Guam,Guam,,0.75,0.44,0.18,1.41,1.23
2014,Guyana,Guyana,0.16,-0.14,-0.23,-0.53,-0.62,-0.74
2014,Hong Kong,"Hong Kong SAR, China",0.54,1.15,1.83,2.06,1.86,1.62
2014,Honduras,Honduras,-0.41,-0.53,-0.81,-0.40,-0.94,-0.79
2014,Croatia,Croatia,0.51,0.62,0.69,0.40,0.32,0.22
2014,Haiti,Haiti,-0.79,-0.64,-2.04,-1.07,-1.19,-1.23
2014,Hungary,Hungary,0.55,0.67,0.53,0.75,0.50,0.16
2014,Indonesia,Indonesia,0.15,-0.42,-0.04,-0.11,-0.34,-0.56
2014,India,India,0.41,-1.00,-0.21,-0.45,-0.06,-0.43
2014,Ireland,Ireland,1.32,1.05,1.60,1.76,1.78,1.60
2014,Iran,"Iran, Islamic Rep.",-1.58,-0.87,-0.43,-1.46,-1.06,-0.62
2014,Iraq,Iraq,-1.14,-2.48,-1.11,-1.25,-1.33,-1.33
2014,Iceland,Iceland,1.36,1.25,1.49,1.22,1.71,1.83
2014,Israel,Israel,0.73,-1.04,1.21,1.22,1.11,0.87
2014,Italy,Italy,1.00,0.46,0.37,0.64,0.38,-0.03
2014,Jamaica,Jamaica,0.56,0.02,0.14,0.15,-0.28,-0.30
2014,Jordan,Jordan,-0.75,-0.54,0.12,0.08,0.46,0.14
2014,Japan,Japan,1.04,0.97,1.81,1.14,1.60,1.69
2014,Kazakhstan,Kazakhstan,-1.18,0.04,-0.04,-0.25,-0.60,-0.83
2014,Kenya,Kenya,-0.15,-1.28,-0.33,-0.32,-0.42,-0.93
2014,Kyrgyzstan,Kyrgyz Republic,-0.46,-0.80,-0.87,-0.43,-0.93,-1.13
2014,Cambodia,Cambodia,-1.11,0.02,-0.69,-0.42,-0.96,-1.14
2014,Kiribati,Kiribati,0.94,0.80,-0.56,-0.92,-0.12,0.25
2014,St. Kitts and Nevis,St. Kitts and Nevis,1.12,0.57,-0.07,0.19,0.07,0.25
2014,South Korea,"Korea, Rep.",0.68,0.11,1.16,1.11,0.99,0.55
2014,Kuwait,Kuwait,-0.66,0.15,-0.15,-0.15,0.02,-0.24
2014,Laos,Lao PDR,-1.73,0.50,-0.42,-0.85,-0.75,-0.85
2014,Lebanon,Lebanon,-0.42,-1.70,-0.38,-0.25,-0.77,-1.04
2014,Liberia,Liberia,-0.28,-0.62,-1.34,-0.86,-0.81,-0.77
2014,Libya,Libya,-1.11,-2.35,-1.69,-2.12,-1.51,-1.56
2014,St. Lucia,St. Lucia,1.13,0.82,-0.02,0.28,0.57,0.41
2014,Liechtenstein,Liechtenstein,1.40,1.46,1.71,1.43,1.74,2.08
2014,Sri Lanka,Sri Lanka,-0.67,-0.33,0.05,-0.10,-0.17,-0.34
2014,Lesotho,Lesotho,0.16,-0.33,-0.56,-0.41,-0.21,0.19
2014,Lithuania,Lithuania,0.96,0.74,0.98,1.19,0.94,0.56
2014,Luxembourg,Luxembourg,1.55,1.38,1.65,1.63,1.91,2.07
2014,Latvia,Latvia,0.85,0.49,0.96,1.17,0.87,0.42
2014,Kosovo,Kosovo,-0.20,-0.34,-0.32,-0.15,-0.47,-0.49
2014,Macao,"Macao SAR, China",-0.33,1.21,1.47,1.73,0.95,0.85
2014,Morocco,Morocco,-0.69,-0.45,-0.07,-0.13,-0.07,-0.27
2014,Monaco,Monaco,0.99,1.02,,,,
2014,Moldova,Moldova,0.01,-0.16,-0.42,0.02,-0.25,-0.85
2014,Madagascar,Madagascar,-0.50,-0.56,-1.30,-0.69,-0.74,-0.84
2014,Maldives,Maldives,-0.37,0.68,-0.36,-0.34,-0.53,-0.38
2014,Mexico,Mexico,0.00,-0.85,0.20,0.43,-0.42,-0.76
2014,Marshall Islands,Marshall Islands,1.15,0.99,-1.56,-0.95,-0.22,-0.11
2014,Macedonia,"Macedonia, FYR",-0.14,0.26,0.13,0.48,-0.05,-0.02
2014,Mali,Mali,-0.16,-1.71,-1.10,-0.60,-0.64,-0.75
2014,Malta,Malta,1.18,1.13,1.03,1.08,1.19,0.85
2014,Myanmar,Myanmar,-1.34,-1.09,-1.28,-1.38,-1.19,-0.88
2014,Mongolia,Mongolia,0.24,0.79,-0.44,-0.27,-0.34,-0.47
2014,Montenegro,Montenegro,0.16,0.22,0.27,0.13,0.08,-0.06
2014,Mozambique,Mozambique,-0.25,-0.34,-0.72,-0.41,-0.81,-0.67
2014,Mauritania,Mauritania,-0.90,-0.59,-0.99,-0.81,-0.86,-0.93
2014,Martinique,Martinique,,0.91,0.70,1.24,0.02,1.23
2014,Mauritius,Mauritius,0.94,0.67,1.04,1.13,0.91,0.35
2014,Malawi,Malawi,-0.06,0.08,-0.63,-0.80,-0.29,-0.75
2014,Malaysia,Malaysia,-0.36,0.27,1.12,0.84,0.59,0.41
2014,Namibia,Namibia,0.55,0.61,0.11,-0.02,0.15,0.29
2014,Niger,Niger,-0.20,-1.18,-0.70,-0.72,-0.65,-0.69
2014,Nigeria,Nigeria,-0.59,-2.13,-1.19,-0.82,-1.05,-1.27
2014,Nicaragua,Nicaragua,-0.40,-0.04,-0.84,-0.39,-0.71,-0.89
2014,Niue,Niue,,,,,,
2014,Netherlands,Netherlands,1.55,1.05,1.82,1.77,1.98,1.99
2014,Norway,Norway,1.68,1.12,1.83,1.65,2.03,2.23
2014,Nepal,Nepal,-0.43,-0.72,-0.85,-0.83,-0.65,-0.59
2014,Nauru,Nauru,0.81,0.60,-0.57,-1.24,-1.01,-0.47
2014,New Zealand,New Zealand,1.52,1.47,1.93,1.95,2.01,2.25
2014,Oman,Oman,-1.09,0.73,0.27,0.69,0.49,0.31
2014,Pakistan,Pakistan,-0.72,-2.40,-0.76,-0.68,-0.76,-0.83
2014,Panama,Panama,0.51,0.21,0.26,0.37,-0.06,-0.34
2014,Palau,Palau,1.18,0.99,-0.57,-0.82,0.28,-0.47
2014,Peru,Peru,0.19,-0.55,-0.27,0.52,-0.52,-0.56
2014,Philippines,Philippines,0.16,-0.71,0.19,-0.04,-0.32,-0.44
2014,Papua New Guinea,Papua New Guinea,0.01,-0.34,-0.61,-0.34,-0.80,-0.91
2014,Poland,Poland,1.11,0.84,0.83,1.05,0.84,0.64
2014,Puerto Rico,Puerto Rico,0.78,0.82,0.36,0.89,0.77,0.46
2014,North Korea,"Korea, Dem. Rep.",-2.19,-1.13,-1.64,-2.19,-1.62,-1.30
2014,Portugal,Portugal,1.11,0.81,0.99,0.75,1.14,0.95
2014,Paraguay,Paraguay,-0.10,-0.09,-0.92,-0.28,-0.67,-0.97
2014,Qatar,Qatar,-1.13,0.98,0.94,0.57,0.86,0.99
2014,Reunion,Réunion,,0.26,0.95,1.24,1.18,0.64
2014,Romania,Romania,0.43,0.05,-0.03,0.58,0.17,-0.11
2014,Russia,Russian Federation,-1.04,-0.94,-0.11,-0.39,-0.74,-0.92
2014,Rwanda,Rwanda,-1.11,-0.31,-0.03,0.25,0.06,0.76
2014,Samoa,Samoa,0.67,1.12,0.45,-0.19,0.72,0.30
2014,Saudi Arabia,Saudi Arabia,-1.88,-0.29,0.21,0.00,0.13,0.09
2014,Sudan,Sudan,-1.74,-2.36,-1.53,-1.44,-1.17,-1.45
2014,Senegal,Senegal,0.29,-0.20,-0.40,-0.22,-0.08,0.06
2014,Singapore,Singapore,-0.10,1.19,2.18,2.23,1.82,2.07
2014,Solomon Islands,Solomon Islands,0.23,0.47,-1.07,-1.08,-0.50,-0.28
2014,Sierra Leone,Sierra Leone,-0.29,-0.10,-1.24,-0.81,-0.92,-0.94
2014,El Salvador,El Salvador,0.15,-0.02,-0.03,0.32,-0.48,-0.38
2014,San Marino,San Marino,1.17,0.99,,,,
2014,Somalia,Somalia,-2.11,-2.52,-2.45,-2.12,-2.35,-1.66
2014,Sao Tome and Principe,São Tomé and Principe,0.32,0.18,-0.82,-0.80,-0.79,0.00
2014,Suriname,Suriname,0.52,0.25,-0.18,-0.63,-0.14,-0.44
2014,Slovakia,Slovak Republic,0.96,1.04,0.88,0.89,0.50,0.16
2014,Slovenia,Slovenia,0.96,0.97,1.01,0.66,1.00,0.73
2014,Sweden,Sweden,1.61,1.07,1.80,1.81,1.99,2.15
2014,Swaziland,Swaziland,-1.33,-0.50,-0.56,-0.46,-0.31,-0.43
2014,Seychelles,Seychelles,-0.05,0.36,0.36,-0.33,0.13,0.44
2014,Syria,Syrian Arab Republic,-1.88,-2.75,-1.40,-1.69,-1.36,-1.55
2014,Chad,Chad,-1.33,-1.57,-1.50,-1.16,-1.14,-1.32
2014,Togo,Togo,-0.77,-0.17,-1.25,-0.82,-0.86,-0.89
2014,Thailand,Thailand,-0.87,-0.91,0.34,0.27,-0.19,-0.45
2014,Tajikistan,Tajikistan,-1.50,-0.69,-0.78,-1.02,-1.01,-1.13
2014,Turkmenistan,Turkmenistan,-2.26,0.07,-0.84,-2.06,-1.36,-1.31
2014,Timor-Leste,Timor-Leste,0.15,-0.18,-1.18,-0.89,-1.12,-0.53
2014,Tonga,Tonga,0.66,0.85,-0.07,-0.41,-0.15,-0.31
2014,Trinidad and Tobago,Trinidad and Tobago,0.47,0.25,0.27,0.23,-0.09,-0.41
2014,Tunisia,Tunisia,0.19,-0.85,-0.12,-0.38,-0.11,-0.04
2014,Turkey,Turkey,-0.34,-1.09,0.37,0.40,0.01,-0.15
2014,Tuvalu,Tuvalu,1.05,1.30,-0.93,-0.88,0.37,-0.01
2014,Taiwan,"Taiwan, China",0.88,0.77,1.37,1.30,1.19,0.81
2014,Tanzania,Tanzania,-0.19,-0.60,-0.66,-0.33,-0.40,-0.75
2014,Uganda,Uganda,-0.58,-0.94,-0.50,-0.22,-0.39,-1.09
2014,Ukraine,Ukraine,-0.14,-2.02,-0.41,-0.63,-0.79,-0.99
2014,Uruguay,Uruguay,1.11,0.99,0.48,0.53,0.71,1.38
2014,United States,United States,1.07,0.58,1.47,1.28,1.61,1.38
2014,Uzbekistan,Uzbekistan,-1.91,-0.27,-0.63,-1.71,-1.13,-1.19
2014,St. Vincent and the Grenadines,St. Vincent and the Grenadines,1.15,0.82,0.13,0.36,0.55,0.62
2014,Venezuela,"Venezuela, RB",-1.08,-0.85,-1.23,-1.82,-1.92,-1.40
2014,Virgin Islands (U.S.),Virgin Islands (U.S.),,1.16,1.21,0.53,0.02,0.64
2014,Vietnam,Vietnam,-1.37,-0.02,-0.07,-0.59,-0.36,-0.44
2014,Vanuatu,Vanuatu,0.59,0.64,-0.53,-0.32,0.18,0.46
2014,West Bank and Gaza,West Bank and Gaza,-0.88,-1.99,-0.49,0.21,-0.39,-0.28
2014,"Jersey, Channel Islands","Jersey, Channel Islands",1.28,1.46,1.35,1.17,1.74,1.21
2014,Yemen,"Yemen, Rep.",-1.30,-2.67,-1.41,-0.89,-1.20,-1.56
2014,Serbia,Serbia,0.21,0.18,0.09,0.14,-0.15,-0.23
2014,South Africa,South Africa,0.64,-0.15,0.34,0.29,0.18,-0.06
2014,DR Congo,"Congo, Dem. Rep.",-1.29,-2.17,-1.56,-1.36,-1.45,-1.30
2014,Zambia,Zambia,-0.11,0.16,-0.50,-0.50,-0.24,-0.34
2014,Zimbabwe,Zimbabwe,-1.26,-0.71,-1.21,-1.90,-1.43,-1.39
2015,Aruba,Aruba,1.27,1.23,0.88,1.37,1.26,1.30
2015,Andorra,Andorra,1.19,1.39,1.79,0.91,1.58,1.22
2015,Afghanistan,Afghanistan,-1.12,-2.57,-1.32,-1.00,-1.50,-1.34
2015,Angola,Angola,-1.18,-0.50,-1.00,-0.91,-1.08,-1.39
2015,Anguilla,Anguilla,,1.25,1.01,0.91,-0.04,1.22
2015,Albania,Albania,0.16,0.35,0.01,0.19,-0.33,-0.48
2015,Netherlands Antilles (former),Netherlands Antilles (former),,,,,,
2015,United Arab Emirates,United Arab Emirates,-1.11,0.76,1.51,1.11,0.64,1.07
2015,Argentina,Argentina,0.41,0.01,-0.08,-0.91,-0.77,-0.55
2015,Armenia,Armenia,-0.54,-0.25,-0.16,0.24,-0.39,-0.53
2015,American Samoa,American Samoa,,1.18,0.49,0.17,1.35,1.22
2015,Antigua and Barbuda,Antigua and Barbuda,0.59,1.00,0.23,0.37,0.59,0.69
2015,Australia,Australia,1.36,0.88,1.56,1.79,1.83,1.88
2015,Austria,Austria,1.38,1.14,1.48,1.40,1.86,1.52
2015,Azerbaijan,Azerbaijan,-1.55,-0.73,-0.26,-0.25,-0.67,-0.93
2015,Burundi,Burundi,-1.27,-1.94,-1.18,-0.71,-1.17,-1.26
2015,Belgium,Belgium,1.39,0.59,1.44,1.29,1.46,1.57
2015,Benin,Benin,0.30,-0.01,-0.62,-0.56,-0.54,-0.55
2015,Burkina Faso,Burkina Faso,-0.11,-0.61,-0.62,-0.37,-0.52,-0.28
2015,Bangladesh,Bangladesh,-0.51,-1.21,-0.72,-0.90,-0.75,-0.81
2015,Bulgaria,Bulgaria,0.43,0.02,0.21,0.56,-0.10,-0.26
2015,Bahrain,Bahrain,-1.31,-1.07,0.56,0.82,0.43,0.14
2015,Bahamas,"Bahamas, The",0.95,0.91,0.71,0.17,0.60,1.14
2015,Bosnia and Herzegovina,Bosnia and Herzegovina,-0.10,-0.40,-0.55,-0.20,-0.28,-0.39
2015,Belarus,Belarus,-1.47,0.11,-0.46,-0.99,-0.81,-0.34
2015,Belize,Belize,0.58,0.04,-0.68,-0.46,-0.72,-0.22
2015,Bermuda,Bermuda,,0.98,1.01,0.91,0.88,1.22
2015,Bolivia,Bolivia,0.00,-0.27,-0.65,-0.89,-1.14,-0.70
2015,Brazil,Brazil,0.46,-0.33,-0.18,-0.19,-0.15,-0.40
2015,Barbados,Barbados,1.10,1.14,1.03,0.57,1.10,1.49
2015,Brunei,Brunei Darussalam,-0.75,1.24,1.06,0.85,0.41,0.57
2015,Bhutan,Bhutan,-0.03,0.97,0.41,-0.71,0.52,1.02
2015,South Sudan,South Sudan,-1.59,-2.38,-2.16,-1.68,-1.86,-1.69
2015,Botswana,Botswana,0.44,1.04,0.50,0.44,0.60,0.85
2015,Central African Republic,Central African Republic,-1.23,-1.90,-1.78,-1.44,-1.68,-1.31
2015,Canada,Canada,1.47,1.27,1.76,1.72,1.84,1.89
2015,Switzerland,Switzerland,1.56,1.34,2.00,1.74,1.95,2.14
2015,Chile,Chile,1.00,0.43,1.09,1.35,1.34,1.28
2015,China,China,-1.66,-0.55,0.41,-0.29,-0.41,-0.28
2015,Cote d'Ivoire,Côte d'Ivoire,-0.41,-0.83,-0.69,-0.50,-0.63,-0.43
2015,Cameroon,Cameroon,-0.95,-0.99,-0.78,-0.92,-0.98,-1.07
2015,Congo,"Congo, Rep.",-1.02,-0.53,-1.02,-1.20,-1.08,-1.20
2015,Cook Islands,Cook Islands,,,,,,
2015,Colombia,Colombia,0.00,-1.07,-0.04,0.47,-0.27,-0.30
2015,Comoros,Comoros,-0.29,-0.23,-1.52,-1.03,-0.82,-0.72
2015,Cape Verde,Cape Verde,0.94,0.87,0.17,-0.26,0.59,0.95
2015,Costa Rica,Costa Rica,1.15,0.68,0.38,0.53,0.50,0.75
2015,Cuba,Cuba,-1.56,0.64,0.02,-1.22,-0.70,0.07
2015,Cayman Islands,Cayman Islands,0.47,1.15,1.17,0.82,0.82,1.02
2015,Cyprus,Cyprus,1.03,0.55,1.05,1.06,1.04,1.01
2015,Czech Republic,Czech Republic,1.04,0.98,1.05,1.10,1.15,0.43
2015,Germany,Germany,1.42,0.70,1.74,1.72,1.79,1.84
2015,Djibouti,Djibouti,-1.41,-0.44,-0.95,-0.70,-0.92,-0.66
2015,Dominica,Dominica,0.88,1.08,0.12,0.23,0.67,0.62
2015,Denmark,Denmark,1.55,0.90,1.85,1.73,2.04,2.21
2015,Dominican Republic,Dominican Republic,0.15,0.24,-0.36,-0.04,-0.51,-0.82
2015,Algeria,Algeria,-0.85,-1.09,-0.50,-1.17,-0.86,-0.65
2015,Ecuador,Ecuador,-0.21,-0.14,-0.44,-1.16,-1.03,-0.67
2015,Egypt,"Egypt, Arab Rep.",-1.19,-1.50,-0.77,-0.84,-0.60,-0.64
2015,Eritrea,Eritrea,-2.11,-0.88,-1.59,-2.11,-1.49,-1.30
2015,Spain,Spain,1.04,0.25,1.17,0.81,0.90,0.58
2015,Estonia,Estonia,1.19,0.62,1.07,1.67,1.33,1.29
2015,Ethiopia,Ethiopia,-1.30,-1.50,-0.65,-1.03,-0.51,-0.45
2015,Finland,Finland,1.54,1.04,1.81,1.84,2.06,2.28
2015,Fiji,Fiji,0.03,0.58,-0.29,-0.36,-0.40,0.17
2015,France,France,1.21,0.11,1.44,1.13,1.41,1.31
2015,"Micronesia, Fed. Sts.","Micronesia, Fed. Sts.",1.13,1.04,-0.40,-0.98,-0.30,0.68
2015,Gabon,Gabon,-0.89,0.02,-0.73,-0.80,-0.55,-0.71
2015,United Kingdom,United Kingdom,1.30,0.52,1.74,1.85,1.81,1.88
2015,Georgia,Georgia,0.27,-0.47,0.40,0.92,0.27,0.68
2015,Ghana,Ghana,0.49,-0.03,-0.22,-0.03,0.14,-0.19
2015,Guinea,Guinea,-0.86,-0.39,-1.15,-0.87,-1.16,-0.99
2015,Gambia,"Gambia, The",-1.46,0.02,-0.90,-0.51,-0.72,-0.77
2015,Guinea-Bissau,Guinea-Bissau,-0.75,-0.52,-1.61,-1.20,-1.28,-1.48
2015,Equatorial Guinea,Equatorial Guinea,-2.00,-0.21,-1.42,-1.35,-1.46,-1.77
2015,Greece,Greece,0.65,-0.23,0.26,0.41,0.27,-0.08
2015,Grenada,Grenada,0.81,0.79,-0.20,0.09,0.14,0.56
2015,Greenland,Greenland,1.27,1.94,0.87,1.35,1.70,1.19
2015,Guatemala,Guatemala,-0.35,-0.66,-0.71,-0.22,-0.95,-0.73
2015,French Guiana,French Guiana,1.27,0.57,1.12,1.45,1.30,1.02
2015,Guam,Guam,,0.81,0.49,0.17,1.35,1.22
2015,Guyana,Guyana,0.18,-0.14,-0.34,-0.52,-0.53,-0.64
2015,Hong Kong,"Hong Kong SAR, China",0.51,1.05,1.91,2.19,1.83,1.65
2015,Honduras,Honduras,-0.42,-0.47,-0.82,-0.40,-0.93,-0.57
2015,Croatia,Croatia,0.56,0.59,0.51,0.36,0.20,0.25
2015,Haiti,Haiti,-0.80,-0.67,-2.02,-1.17,-1.18,-1.24
2015,Hungary,Hungary,0.56,0.75,0.50,0.77,0.40,0.15
2015,Indonesia,Indonesia,0.18,-0.62,-0.24,-0.22,-0.42,-0.46
2015,India,India,0.43,-0.95,0.09,-0.39,-0.05,-0.35
2015,Ireland,Ireland,1.33,0.91,1.53,1.82,1.77,1.62
2015,Iran,"Iran, Islamic Rep.",-1.51,-0.93,-0.21,-1.31,-0.92,-0.60
2015,Iraq,Iraq,-1.13,-2.26,-1.25,-1.24,-1.42,-1.37
2015,Iceland,Iceland,1.38,1.31,1.49,1.27,1.67,1.94
2015,Israel,Israel,0.74,-1.09,1.39,1.27,1.16,0.94
2015,Italy,Italy,1.03,0.38,0.45,0.73,0.28,0.02
2015,Jamaica,Jamaica,0.61,0.10,0.25,0.11,-0.23,-0.23
2015,Jordan,Jordan,-0.77,-0.61,0.12,0.08,0.44,0.26
2015,Japan,Japan,0.99,1.07,1.78,1.22,1.52,1.57
2015,Kazakhstan,Kazakhstan,-1.16,-0.04,-0.07,-0.03,-0.44,-0.85
2015,Kenya,Kenya,-0.15,-1.24,-0.30,-0.31,-0.49,-1.01
2015,Kyrgyzstan,Kyrgyz Republic,-0.40,-0.88,-0.91,-0.50,-0.99,-1.15
2015,Cambodia,Cambodia,-1.12,0.06,-0.70,-0.53,-0.98,-1.12
2015,Kiribati,Kiribati,0.98,0.84,-0.49,-0.88,-0.16,0.22
2015,St. Kitts and Nevis,St. Kitts and Nevis,0.85,0.58,0.12,0.38,0.48,0.50
2015,South Korea,"Korea, Rep.",0.63,0.16,1.01,1.11,0.93,0.37
2015,Kuwait,Kuwait,-0.66,-0.21,-0.03,-0.17,0.00,-0.23
2015,Laos,Lao PDR,-1.75,0.54,-0.51,-0.81,-0.80,-0.91
2015,Lebanon,Lebanon,-0.46,-1.70,-0.47,-0.29,-0.83,-0.88
2015,Liberia,Liberia,-0.23,-0.82,-1.36,-0.87,-0.86,-0.65
2015,Libya,Libya,-1.34,-2.20,-1.65,-2.23,-1.63,-1.62
2015,St. Lucia,St. Lucia,1.02,0.85,-0.08,0.31,0.67,0.62
2015,Liechtenstein,Liechtenstein,1.39,1.46,1.69,1.39,1.69,2.06
2015,Sri Lanka,Sri Lanka,-0.30,0.09,-0.01,-0.05,0.04,-0.34
2015,Lesotho,Lesotho,0.11,-0.31,-0.67,-0.40,-0.17,0.06
2015,Lithuania,Lithuania,0.97,0.76,1.18,1.28,1.01,0.62
2015,Luxembourg,Luxembourg,1.55,1.44,1.72,1.66,1.87,2.10
2015,Latvia,Latvia,0.85,0.44,1.09,1.09,0.79,0.47
2015,Kosovo,Kosovo,-0.15,-0.20,-0.41,-0.30,-0.46,-0.54
2015,Macao,"Macao SAR, China",-0.07,1.20,1.45,1.77,0.92,0.61
2015,Morocco,Morocco,-0.63,-0.34,-0.06,-0.17,-0.09,-0.22
2015,Monaco,Monaco,1.02,0.99,,,,
2015,Moldova,Moldova,0.03,-0.33,-0.65,-0.07,-0.35,-0.91
2015,Madagascar,Madagascar,-0.38,-0.43,-1.29,-0.77,-0.69,-0.85
2015,Maldives,Maldives,-0.52,0.42,-0.38,-0.41,-0.58,-0.48
2015,Mexico,Mexico,-0.08,-0.80,0.21,0.36,-0.45,-0.77
2015,Marshall Islands,Marshall Islands,1.18,0.92,-1.60,-1.12,-0.21,-0.12
2015,Macedonia,"Macedonia, FYR",-0.18,-0.29,0.12,0.43,-0.19,-0.26
2015,Mali,Mali,-0.20,-1.69,-0.93,-0.58,-0.74,-0.68
2015,Malta,Malta,1.20,1.06,0.85,1.17,1.14,0.90
2015,Myanmar,Myanmar,-1.22,-1.17,-1.24,-1.22,-1.24,-0.84
2015,Mongolia,Mongolia,0.27,0.72,-0.42,-0.35,-0.38,-0.49
2015,Montenegro,Montenegro,0.14,0.14,0.16,0.23,0.05,-0.13
2015,Mozambique,Mozambique,-0.27,-0.51,-0.75,-0.50,-0.85,-0.75
2015,Mauritania,Mauritania,-0.89,-0.64,-1.03,-0.87,-0.87,-0.92
2015,Martinique,Martinique,,0.98,0.75,1.28,-0.04,1.22
2015,Mauritius,Mauritius,0.83,1.00,1.06,1.09,0.86,0.29
2015,Malawi,Malawi,0.00,0.03,-0.67,-0.82,-0.31,-0.77
2015,Malaysia,Malaysia,-0.39,0.26,0.95,0.75,0.50,0.24
2015,Namibia,Namibia,0.58,0.73,0.25,-0.09,0.19,0.32
2015,Niger,Niger,-0.20,-1.07,-0.65,-0.73,-0.57,-0.65
2015,Nigeria,Nigeria,-0.37,-1.93,-0.96,-0.85,-0.96,-1.08
2015,Nicaragua,Nicaragua,-0.41,-0.09,-0.82,-0.39,-0.74,-0.89
2015,Niue,Niue,,,,,,
2015,Netherlands,Netherlands,1.56,0.93,1.83,1.80,1.94,1.88
2015,Norway,Norway,1.69,1.16,1.86,1.61,2.01,2.24
2015,Nepal,Nepal,-0.42,-1.00,-1.05,-0.80,-0.68,-0.58
2015,Nauru,Nauru,0.55,0.54,-0.54,-1.22,-1.09,-0.52
2015,New Zealand,New Zealand,1.55,1.53,1.88,1.92,2.00,2.28
2015,Oman,Oman,-1.06,0.78,0.08,0.57,0.38,0.27
2015,Pakistan,Pakistan,-0.72,-2.48,-0.67,-0.63,-0.77,-0.81
2015,Panama,Panama,0.56,0.39,0.29,0.35,-0.11,-0.37
2015,Palau,Palau,1.20,0.92,-0.54,-0.81,0.24,-0.52
2015,Peru,Peru,0.23,-0.40,-0.28,0.49,-0.49,-0.53
2015,Philippines,Philippines,0.15,-0.86,0.11,-0.04,-0.34,-0.45
2015,Papua New Guinea,Papua New Guinea,0.04,-0.42,-0.61,-0.55,-0.87,-0.94
2015,Poland,Poland,1.04,0.87,0.80,1.00,0.80,0.67
2015,Puerto Rico,Puerto Rico,0.40,0.86,0.36,0.99,0.75,0.09
2015,North Korea,"Korea, Dem. Rep.",-2.20,-1.15,-1.63,-2.33,-1.65,-1.25
2015,Portugal,Portugal,1.13,0.92,1.22,0.96,1.15,0.96
2015,Paraguay,Paraguay,-0.07,0.04,-0.95,-0.27,-0.69,-0.95
2015,Qatar,Qatar,-1.14,1.00,0.95,0.68,0.77,0.89
2015,Reunion,Réunion,,0.29,1.01,1.28,1.11,0.63
2015,Romania,Romania,0.49,0.19,-0.06,0.60,0.16,-0.02
2015,Russia,Russian Federation,-1.09,-1.03,-0.20,-0.52,-0.76,-0.95
2015,Rwanda,Rwanda,-1.14,0.01,-0.05,0.24,0.05,0.64
2015,Samoa,Samoa,0.74,1.18,0.51,-0.08,0.70,0.29
2015,Saudi Arabia,Saudi Arabia,-1.84,-0.63,0.20,0.03,0.12,0.05
2015,Sudan,Sudan,-1.78,-2.16,-1.48,-1.49,-1.21,-1.47
2015,Senegal,Senegal,0.28,-0.12,-0.43,-0.16,-0.14,0.06
2015,Singapore,Singapore,-0.16,1.31,2.24,2.26,1.81,2.09
2015,Solomon Islands,Solomon Islands,0.28,0.66,-1.02,-0.95,-0.49,-0.34
2015,Sierra Leone,Sierra Leone,-0.27,-0.10,-1.25,-0.90,-0.85,-0.80
2015,El Salvador,El Salvador,0.15,-0.02,-0.24,0.20,-0.59,-0.42
2015,San Marino,San Marino,1.19,0.92,,,,
2015,Somalia,Somalia,-2.00,-2.38,-2.20,-2.15,-2.30,-1.62
2015,Sao Tome and Principe,São Tomé and Principe,0.28,0.14,-0.75,-0.77,-0.76,-0.05
2015,Suriname,Suriname,0.41,0.26,-0.35,-0.61,-0.20,-0.24
2015,Slovakia,Slovak Republic,0.97,0.87,0.84,0.79,0.50,0.18
2015,Slovenia,Slovenia,0.99,0.95,0.97,0.63,0.97,0.77
2015,Sweden,Sweden,1.57,0.95,1.82,1.82,2.04,2.24
2015,Swaziland,Swaziland,-1.39,-0.48,-0.56,-0.51,-0.32,-0.39
2015,Seychelles,Seychelles,0.08,0.69,0.42,-0.09,0.20,0.88
2015,Syria,Syrian Arab Republic,-1.92,-2.97,-1.59,-1.64,-1.42,-1.55
2015,Chad,Chad,-1.34,-0.97,-1.46,-1.21,-1.18,-1.36
2015,Togo,Togo,-0.70,-0.23,-1.19,-0.82,-0.80,-0.72
2015,Thailand,Thailand,-0.97,-0.99,0.35,0.29,-0.15,-0.49
2015,Tajikistan,Tajikistan,-1.57,-0.88,-0.85,-1.02,-1.06,-1.13
2015,Turkmenistan,Turkmenistan,-2.24,-0.09,-0.85,-2.07,-1.42,-1.35
2015,Timor-Leste,Timor-Leste,0.19,-0.27,-1.05,-0.97,-1.12,-0.52
2015,Tonga,Tonga,0.66,0.89,-0.33,-0.42,-0.20,-0.47
2015,Trinidad and Tobago,Trinidad and Tobago,0.48,0.29,0.23,0.15,-0.12,-0.30
2015,Tunisia,Tunisia,0.24,-0.96,-0.12,-0.41,-0.07,-0.07
2015,Turkey,Turkey,-0.37,-1.49,0.22,0.27,-0.11,-0.15
2015,Tuvalu,Tuvalu,1.07,1.39,-0.96,-0.69,0.36,-0.03
2015,Taiwan,"Taiwan, China",0.90,0.92,1.40,1.35,1.16,0.77
2015,Tanzania,Tanzania,-0.22,-0.42,-0.60,-0.37,-0.37,-0.69
2015,Uganda,Uganda,-0.57,-0.80,-0.48,-0.26,-0.39,-1.05
2015,Ukraine,Ukraine,-0.09,-1.96,-0.52,-0.59,-0.81,-0.98
2015,Uruguay,Uruguay,1.14,1.00,0.53,0.42,0.71,1.32
2015,United States,United States,1.11,0.68,1.46,1.26,1.60,1.40
2015,Uzbekistan,Uzbekistan,-1.96,-0.37,-0.67,-1.64,-1.11,-1.26
2015,St. Vincent and the Grenadines,St. Vincent and the Grenadines,0.97,1.00,0.03,0.27,0.59,0.67
2015,Venezuela,"Venezuela, RB",-1.09,-0.98,-1.22,-1.88,-2.03,-1.39
2015,Virgin Islands (U.S.),Virgin Islands (U.S.),,1.25,1.27,0.54,0.88,0.63
2015,Vietnam,Vietnam,-1.36,0.07,0.07,-0.48,-0.34,-0.43
2015,Vanuatu,Vanuatu,0.59,0.48,-0.78,-0.35,0.10,-0.12
2015,West Bank and Gaza,West Bank and Gaza,-0.99,-2.16,-0.47,0.10,-0.51,-0.45
2015,"Jersey, Channel Islands","Jersey, Channel Islands",1.27,1.53,1.30,1.14,1.70,1.19
2015,Yemen,"Yemen, Rep.",-1.52,-2.68,-1.63,-1.13,-1.27,-1.47
2015,Serbia,Serbia,0.23,0.24,0.11,0.16,-0.12,-0.27
2015,South Africa,South Africa,0.65,-0.21,0.29,0.28,0.09,0.03
2015,DR Congo,"Congo, Dem. Rep.",-1.30,-2.15,-1.63,-1.35,-1.57,-1.29
2015,Zambia,Zambia,-0.07,0.15,-0.56,-0.44,-0.23,-0.34
2015,Zimbabwe,Zimbabwe,-1.17,-0.62,-1.16,-1.65,-1.32,-1.31